0;2024.05.13 18:15;0;21.875;-200;-200;3190;206;0;
1;2024.05.13 18:30;0;22;-200;-200;3190;206;0;
2;2024.05.13 18:45;0;22.125;-200;-200;3189;206;0;
3;2024.05.13 19:00;0;22.375;-200;-200;3188;206;0;
4;2024.05.13 19:15;0;22.5;-200;-200;3187;206;0;
5;2024.05.13 19:30;0;22.25;-200;-200;3186;206;0;
6;2024.05.13 19:45;0;22.5625;-200;-200;3184;206;0;
7;2024.05.13 20:00;0;22.625;-200;-200;3183;206;0;
8;2024.05.13 20:15;0;22.375;-200;-200;3182;206;0;
9;2024.05.13 20:30;0;22.75;-200;-200;3180;206;0;
10;2024.05.13 20:45;0;21.875;-200;-200;3179;206;0;
11;2024.05.13 21:00;0;21.5;-200;-200;3175;206;0;
12;2024.05.13 21:15;0;21.1875;-200;-200;3175;206;0;
13;2024.05.13 21:30;0;20.75;-200;-200;3174;206;0;
14;2024.05.13 21:45;0;20.375;-200;-200;3175;206;0;
15;2024.05.13 22:00;0;20.0625;-200;-200;3175;206;0;
16;2024.05.13 22:15;0;19.875;-200;-200;3175;206;0;
17;2024.05.13 22:30;0;19.25;-200;-200;3175;206;0;
18;2024.05.13 22:45;0;19;-200;-200;3174;206;0;
19;2024.05.13 23:00;0;18.5;-200;-200;3174;206;0;
20;2024.05.13 23:15;0;18.125;-200;-200;3175;206;0;
21;2024.05.13 23:30;0;17.875;-200;-200;3175;206;0;
22;2024.05.13 23:45;0;17.625;-200;-200;3175;206;0;
23;2024.05.14 00:00;0;17.25;-200;-200;3175;206;0;
24;2024.05.14 00:15;0;16.9375;-200;-200;3175;206;0;
25;2024.05.14 00:30;0;16.5;-200;-200;3175;206;0;
26;2024.05.14 00:45;0;16.125;-200;-200;3176;206;0;
27;2024.05.14 01:00;0;15.875;-200;-200;3176;206;0;
28;2024.05.14 01:15;0;15.625;-200;-200;3176;206;0;
29;2024.05.14 01:30;0;15.375;-200;-200;3176;206;0;
30;2024.05.14 01:45;0;15.125;-200;-200;3176;206;0;
31;2024.05.14 02:00;0;15;-200;-200;3176;206;0;
32;2024.05.14 02:15;0;14.875;-200;-200;3176;206;0;
33;2024.05.14 02:30;0;14.75;-200;-200;3176;206;0;
34;2024.05.14 02:45;0;14.6875;-200;-200;3176;206;0;
35;2024.05.14 03:00;0;14.6875;-200;-200;3176;206;0;
36;2024.05.14 03:15;0;14.75;-200;-200;3176;206;0;
37;2024.05.14 03:30;0;14.625;-200;-200;3176;206;0;
38;2024.05.14 03:45;0;14.5;-200;-200;3176;206;0;
39;2024.05.14 04:00;0;14.25;-200;-200;3176;206;0;
40;2024.05.14 04:15;0;14.0625;-200;-200;3175;206;0;
41;2024.05.14 04:30;0;13.9375;-200;-200;3177;206;0;
42;2024.05.14 04:45;0;13.875;-200;-200;3176;206;0;
43;2024.05.14 05:00;0;13.9375;-200;-200;3176;206;0;
44;2024.05.14 05:15;0;13.875;-200;-200;3176;206;0;
45;2024.05.14 05:30;0;13.875;-200;-200;3176;206;0;
46;2024.05.14 05:45;0;13.8125;-200;-200;3176;206;0;
47;2024.05.14 06:00;0;13.8125;-200;-200;3176;206;0;
48;2024.05.14 06:15;0;13.75;-200;-200;3176;206;0;
49;2024.05.14 06:30;0;13.75;-200;-200;3177;206;0;
50;2024.05.14 06:45;0;13.625;-200;-200;3176;206;0;
51;2024.05.14 07:00;0;13.625;-200;-200;3176;206;0;
52;2024.05.14 07:15;0;13.5625;-200;-200;3176;206;0;
53;2024.05.14 07:30;0;13.5;-200;-200;3175;206;0;
54;2024.05.14 07:45;0;13.5625;-200;-200;3176;206;0;
55;2024.05.14 08:00;0;13.75;-200;-200;3175;206;0;
56;2024.05.14 08:15;0;14;-200;-200;3175;206;0;
57;2024.05.14 08:30;0;14.375;-200;-200;3175;206;0;
58;2024.05.14 08:45;0;14.5;-200;-200;3175;206;0;
59;2024.05.14 09:00;0;14.5;-200;-200;3175;206;0;
60;2024.05.14 09:15;0;14.5;-200;-200;3175;206;0;
61;2024.05.14 09:30;0;14.375;-200;-200;3175;206;0;
62;2024.05.14 09:45;0;14.375;-200;-200;3175;206;0;
63;2024.05.14 10:00;0;14.25;-200;-200;3175;206;0;
64;2024.05.14 10:15;0;14.25;-200;-200;3175;206;0;
65;2024.05.14 10:30;0;14.0625;-200;-200;3175;206;0;
66;2024.05.14 10:45;0;13.8125;-200;-200;3176;206;0;
67;2024.05.14 11:00;0;13.75;-200;-200;3175;206;0;
68;2024.05.14 11:15;0;13.6875;-200;-200;3175;206;0;
69;2024.05.14 11:30;0;13.625;-200;-200;3176;206;0;
70;2024.05.14 11:45;0;13.625;-200;-200;3177;206;0;
71;2024.05.14 12:00;0;13.625;-200;-200;3177;206;0;
72;2024.05.14 12:15;0;13.6875;-200;-200;3177;206;0;
73;2024.05.14 12:30;0;13.75;-200;-200;3176;206;0;
74;2024.05.14 12:45;0;13.8125;-200;-200;3177;206;0;
75;2024.05.14 13:00;0;13.875;-200;-200;3177;206;0;
76;2024.05.14 13:15;0;14.0625;-200;-200;3177;206;0;
77;2024.05.14 13:30;0;14.25;-200;-200;3177;206;0;
78;2024.05.14 13:45;0;14.375;-200;-200;3177;206;0;
79;2024.05.14 14:00;0;14.5625;-200;-200;3177;206;0;
80;2024.05.14 14:15;0;14.875;-200;-200;3177;206;0;
81;2024.05.14 14:30;0;15;-200;-200;3177;206;0;
82;2024.05.14 14:45;0;15.1875;-200;-200;3177;206;0;
83;2024.05.14 15:00;0;15.25;-200;-200;3177;206;0;
84;2024.05.14 15:15;0;15.125;-200;-200;3177;206;0;
85;2024.05.14 15:30;0;15.125;-200;-200;3177;206;0;
86;2024.05.14 15:45;0;15.125;-200;-200;3177;206;0;
87;2024.05.14 16:00;0;15.5;-200;-200;3177;206;0;
88;2024.05.14 16:15;0;15.6875;-200;-200;3177;206;0;
89;2024.05.14 16:30;0;15.5625;-200;-200;3178;206;0;
90;2024.05.14 16:45;0;15.6875;-200;-200;3178;206;0;
91;2024.05.14 17:00;0;16;-200;-200;3178;206;0;
92;2024.05.14 17:15;0;15.875;-200;-200;3178;206;0;
93;2024.05.14 17:30;0;15.75;-200;-200;3178;206;0;
94;2024.05.14 17:45;0;15.75;-200;-200;3178;206;0;
95;2024.05.14 18:00;0;15.75;-200;-200;3177;206;0;
96;2024.05.14 18:15;0;15.8125;-200;-200;3177;206;0;
97;2024.05.14 18:30;0;15.75;-200;-200;3178;206;0;
98;2024.05.14 18:45;0;15.5625;-200;-200;3179;206;0;
99;2024.05.14 19:00;0;15.625;-200;-200;3178;206;0;
100;2024.05.14 19:15;0;15.875;-200;-200;3179;206;0;
101;2024.05.14 19:30;0;15.875;-200;-200;3178;206;0;
102;2024.05.14 19:45;0;15.75;-200;-200;3179;206;0;
103;2024.05.14 20:00;0;15.75;-200;-200;3179;206;0;
104;2024.05.14 20:15;0;15.9375;-200;-200;3179;206;0;
105;2024.05.14 20:30;0;15.875;-200;-200;3179;206;0;
106;2024.05.14 20:45;0;15.875;-200;-200;3179;206;0;
107;2024.05.14 21:00;0;15.75;-200;-200;3179;206;0;
108;2024.05.14 21:15;0;15.8125;-200;-200;3179;206;0;
109;2024.05.14 21:30;0;15.875;-200;-200;3179;206;0;
110;2024.05.14 21:45;0;15.8125;-200;-200;3181;206;0;
111;2024.05.14 22:00;0;15.75;-200;-200;3180;206;0;
112;2024.05.14 22:15;0;15.75;-200;-200;3181;206;0;
113;2024.05.14 22:30;0;15.75;-200;-200;3182;206;0;
114;2024.05.14 22:45;0;15.75;-200;-200;3182;206;0;
115;2024.05.14 23:00;0;15.75;-200;-200;3182;206;0;
116;2024.05.14 23:15;0;15.875;-200;-200;3183;206;0;
117;2024.05.14 23:30;0;15.8125;-200;-200;3184;206;0;
118;2024.05.14 23:45;0;15.8125;-200;-200;3186;206;0;
119;2024.05.15 00:00;0;15.375;-200;-200;3189;206;0;
120;2024.05.15 00:15;0;15;-200;-200;3190;206;0;
121;2024.05.15 00:30;0;14.9375;-200;-200;3192;206;0;
122;2024.05.15 00:45;0;14.9375;-200;-200;3192;206;0;
123;2024.05.15 01:00;0;14.875;-200;-200;3192;206;0;
124;2024.05.15 01:15;0;14.75;-200;-200;3192;206;0;
125;2024.05.15 01:30;0;14.625;-200;-200;3193;206;0;
126;2024.05.15 01:45;0;14.5625;-200;-200;3193;206;0;
127;2024.05.15 02:00;0;14.625;-200;-200;3193;206;0;
128;2024.05.15 02:15;0;14.5;-200;-200;3193;206;0;
129;2024.05.15 02:30;0;14.5;-200;-200;3193;206;0;
130;2024.05.15 02:45;0;14.4375;-200;-200;3193;206;0;
131;2024.05.15 03:00;0;14.375;-200;-200;3193;206;0;
132;2024.05.15 03:15;0;14.375;-200;-200;3193;206;0;
133;2024.05.15 03:30;0;14.25;-200;-200;3193;206;0;
134;2024.05.15 03:45;0;14.25;-200;-200;3193;206;0;
135;2024.05.15 04:00;0;14.25;-200;-200;3193;206;0;
136;2024.05.15 04:15;0;14.1875;-200;-200;3194;206;0;
137;2024.05.15 04:30;0;14.25;-200;-200;3194;206;0;
138;2024.05.15 04:45;0;14.25;-200;-200;3194;206;0;
139;2024.05.15 05:00;0;14.25;-200;-200;3194;206;0;
140;2024.05.15 05:15;0;14.25;-200;-200;3194;206;0;
141;2024.05.15 05:30;0;14.25;-200;-200;3194;206;0;
142;2024.05.15 05:45;0;14.25;-200;-200;3194;206;0;
143;2024.05.15 06:00;0;14.25;-200;-200;3194;206;0;
144;2024.05.15 06:15;0;14.25;-200;-200;3194;206;0;
145;2024.05.15 06:30;0;14.25;-200;-200;3194;206;0;
146;2024.05.15 06:45;0;14.25;-200;-200;3195;206;0;
147;2024.05.15 07:00;0;14.25;-200;-200;3195;206;0;
148;2024.05.15 07:15;0;14.25;-200;-200;3195;206;0;
149;2024.05.15 07:30;0;14.25;-200;-200;3195;206;0;
150;2024.05.15 07:45;0;14.25;-200;-200;3195;206;0;
151;2024.05.15 08:00;0;14.25;-200;-200;3196;206;0;
152;2024.05.15 08:15;0;14.25;-200;-200;3196;206;0;
153;2024.05.15 08:30;0;14.25;-200;-200;3197;206;0;
154;2024.05.15 08:45;0;14.25;-200;-200;3196;206;0;
155;2024.05.15 09:00;0;14.25;-200;-200;3197;206;0;
156;2024.05.15 09:15;0;14.25;-200;-200;3197;206;0;
157;2024.05.15 09:30;0;14.25;-200;-200;3198;206;0;
158;2024.05.15 09:45;0;14.1875;-200;-200;3200;206;0;
159;2024.05.15 10:00;0;14.125;-200;-200;3200;206;0;
160;2024.05.15 10:15;0;14.125;-200;-200;3200;206;0;
161;2024.05.15 10:30;0;14.125;-200;-200;3201;206;0;
162;2024.05.15 10:45;0;14.125;-200;-200;3201;206;0;
163;2024.05.15 11:00;0;14.0625;-200;-200;3202;206;0;
164;2024.05.15 11:15;0;14;-200;-200;3202;206;0;
165;2024.05.15 11:30;0;14;-200;-200;3203;206;0;
166;2024.05.15 11:45;0;14.125;-200;-200;3203;206;0;
167;2024.05.15 12:00;0;14.125;-200;-200;3203;206;0;
168;2024.05.15 12:15;0;14.1875;-200;-200;3204;206;0;
169;2024.05.15 12:30;0;14.25;-200;-200;3204;206;0;
170;2024.05.15 12:45;0;14.375;-200;-200;3208;206;0;
171;2024.05.15 13:00;0;14.375;-200;-200;3209;206;0;
172;2024.05.15 13:15;0;14.375;-200;-200;3211;206;0;
173;2024.05.15 13:30;0;14.5;-200;-200;3212;206;0;
174;2024.05.15 13:45;0;14.625;-200;-200;3214;206;0;
175;2024.05.15 14:00;0;14.75;-200;-200;3214;206;0;
176;2024.05.15 14:15;0;14.8125;-200;-200;3215;206;0;
177;2024.05.15 14:30;0;14.75;-200;-200;3216;206;0;
178;2024.05.15 14:45;0;14.75;-200;-200;3217;206;0;
179;2024.05.15 15:00;0;14.75;-200;-200;3218;206;0;
180;2024.05.15 15:15;0;14.8125;-200;-200;3218;206;0;
181;2024.05.15 15:30;0;14.875;-200;-200;3220;206;0;
182;2024.05.15 15:45;0;15;-200;-200;3220;206;0;
183;2024.05.15 16:00;0;15.125;-200;-200;3220;206;0;
184;2024.05.15 16:15;0;14.9375;-200;-200;3222;206;0;
185;2024.05.15 16:30;0;15.125;-200;-200;3222;206;0;
186;2024.05.15 16:45;0;15.125;-200;-200;3222;206;0;
187;2024.05.15 17:00;0;15.375;-200;-200;3223;206;0;
188;2024.05.15 17:15;0;15.125;-200;-200;3222;206;0;
189;2024.05.15 17:30;0;15.125;-200;-200;3223;206;0;
190;2024.05.15 17:45;0;15.1875;-200;-200;3224;206;0;
191;2024.05.15 18:00;0;15.5;-200;-200;3225;206;0;
192;2024.05.15 18:15;0;15.5;-200;-200;3226;206;0;
193;2024.05.15 18:30;0;15.25;-200;-200;3226;206;0;
194;2024.05.15 18:45;0;15.4375;-200;-200;3226;206;0;
195;2024.05.15 19:00;0;15.75;-200;-200;3226;206;0;
196;2024.05.15 19:15;0;15.625;-200;-200;3227;206;0;
197;2024.05.15 19:30;0;15.5625;-200;-200;3227;206;0;
198;2024.05.15 19:45;0;15.625;-200;-200;3227;206;0;
199;2024.05.15 20:00;0;15.9375;-200;-200;3227;206;0;
200;2024.05.15 20:15;0;15.9375;-200;-200;3228;206;0;
201;2024.05.15 20:30;0;15.75;-200;-200;3228;206;0;
202;2024.05.15 20:45;0;15.5625;-200;-200;3228;206;0;
203;2024.05.15 21:00;0;15.625;-200;-200;3229;206;0;
204;2024.05.15 21:15;0;15.75;-200;-200;3229;206;0;
205;2024.05.15 21:30;0;15.75;-200;-200;3229;206;0;
206;2024.05.15 21:45;0;15.75;-200;-200;3230;206;0;
207;2024.05.15 22:00;0;15.75;-200;-200;3230;206;0;
208;2024.05.15 22:15;0;15.75;-200;-200;3230;206;0;
209;2024.05.15 22:30;0;15.875;-200;-200;3231;206;0;
210;2024.05.15 22:45;0;15.625;-200;-200;3232;206;0;
211;2024.05.15 23:00;0;15.4375;-200;-200;3232;206;0;
212;2024.05.15 23:15;0;15.4375;-200;-200;3233;206;0;
213;2024.05.15 23:30;0;15.375;-200;-200;3235;206;0;
214;2024.05.15 23:45;0;15.375;-200;-200;3236;206;0;
215;2024.05.16 00:00;0;15.3125;-200;-200;3234;206;0;
216;2024.05.16 00:15;0;15.25;-200;-200;3236;206;0;
217;2024.05.16 00:30;0;15.25;-200;-200;3237;206;0;
218;2024.05.16 00:45;0;15.25;-200;-200;3234;206;0;
219;2024.05.16 01:00;0;15.125;-200;-200;3238;206;0;
220;2024.05.16 01:15;0;15.125;-200;-200;3236;206;0;
221;2024.05.16 01:30;0;15.125;-200;-200;3239;206;0;
222;2024.05.16 01:45;0;15.0625;-200;-200;3236;206;0;
223;2024.05.16 02:00;0;15;-200;-200;3239;206;0;
224;2024.05.16 02:15;0;15.0625;-200;-200;3238;206;0;
225;2024.05.16 02:30;0;15.0625;-200;-200;3238;206;0;
226;2024.05.16 02:45;0;15.0625;-200;-200;3240;206;0;
227;2024.05.16 03:00;0;15.0625;-200;-200;3240;206;0;
228;2024.05.16 03:15;0;15;-200;-200;3242;206;0;
229;2024.05.16 03:30;0;15;-200;-200;3242;206;0;
230;2024.05.16 03:45;0;15;-200;-200;3242;206;0;
231;2024.05.16 04:00;0;15;-200;-200;3240;206;0;
232;2024.05.16 04:15;0;15;-200;-200;3243;206;0;
233;2024.05.16 04:30;0;14.9375;-200;-200;3244;206;0;
234;2024.05.16 04:45;0;14.875;-200;-200;3243;206;0;
235;2024.05.16 05:00;0;14.875;-200;-200;3243;206;0;
236;2024.05.16 05:15;0;14.75;-200;-200;3243;206;0;
237;2024.05.16 05:30;0;14.75;-200;-200;3243;206;0;
238;2024.05.16 05:45;0;14.625;-200;-200;3243;206;0;
239;2024.05.16 06:00;0;14.6875;-200;-200;3246;206;0;
240;2024.05.16 06:15;0;14.6875;-200;-200;3246;206;0;
241;2024.05.16 06:30;0;14.625;-200;-200;3246;206;0;
242;2024.05.16 06:45;0;14.5;-200;-200;3246;206;0;
243;2024.05.16 07:00;0;14.5;-200;-200;3247;206;0;
244;2024.05.16 07:15;0;14.5;-200;-200;3247;206;0;
245;2024.05.16 07:30;0;14.4375;-200;-200;3249;206;0;
246;2024.05.16 07:45;0;14.375;-200;-200;3249;206;0;
247;2024.05.16 08:00;0;14.3125;-200;-200;3251;206;0;
248;2024.05.16 08:15;0;14.25;-200;-200;3251;206;0;
249;2024.05.16 08:30;0;14.25;-200;-200;3251;206;0;
250;2024.05.16 08:45;0;14.1875;-200;-200;3251;206;0;
251;2024.05.16 09:00;0;14.25;-200;-200;3252;206;0;
252;2024.05.16 09:15;0;14.3125;-200;-200;3253;206;0;
253;2024.05.16 09:30;0;14.25;-200;-200;3253;206;0;
254;2024.05.16 09:45;0;14.25;-200;-200;3253;206;0;
255;2024.05.16 10:00;0;14.25;-200;-200;3253;206;0;
256;2024.05.16 10:15;0;14.25;-200;-200;3254;206;0;
257;2024.05.16 10:30;0;14.125;-200;-200;3254;206;0;
258;2024.05.16 10:45;0;14.125;-200;-200;3255;206;0;
259;2024.05.16 11:00;0;14.25;-200;-200;3255;206;0;
260;2024.05.16 11:15;0;14.375;-200;-200;3255;206;0;
261;2024.05.16 11:30;0;14.5;-200;-200;3257;206;0;
262;2024.05.16 11:45;0;14.625;-200;-200;3256;206;0;
263;2024.05.16 12:00;0;14.75;-200;-200;3257;206;0;
264;2024.05.16 12:15;0;14.75;-200;-200;3257;206;0;
265;2024.05.16 12:30;0;14.875;-200;-200;3257;206;0;
266;2024.05.16 12:45;0;15;-200;-200;3257;206;0;
267;2024.05.16 13:00;0;15.25;-200;-200;3257;206;0;
268;2024.05.16 13:15;0;15.5;-200;-200;3257;206;0;
269;2024.05.16 13:30;0;15.625;-200;-200;3258;206;0;
270;2024.05.16 13:45;0;15.75;-200;-200;3259;206;0;
271;2024.05.16 14:00;0;16;-200;-200;3258;206;0;
272;2024.05.16 14:15;0;16.0625;-200;-200;3258;206;0;
273;2024.05.16 14:30;0;16.25;-200;-200;3258;206;0;
274;2024.05.16 14:45;0;16.4375;-200;-200;3258;206;0;
275;2024.05.16 15:00;0;17;-200;-200;3258;206;0;
276;2024.05.16 15:15;0;17.3125;-200;-200;3258;206;0;
277;2024.05.16 15:30;0;18;-200;-200;3258;206;0;
278;2024.05.16 15:45;0;17.875;-200;-200;3258;206;0;
279;2024.05.16 16:00;0;18;-200;-200;3258;206;0;
280;2024.05.16 16:15;0;18.25;-200;-200;3258;206;0;
281;2024.05.16 16:30;0;18.75;-200;-200;3258;206;0;
282;2024.05.16 16:45;0;20.125;-200;-200;3258;206;0;
283;2024.05.16 17:00;0;20.4375;-200;-200;3258;206;0;
284;2024.05.16 17:15;0;20.625;-200;-200;3258;206;0;
285;2024.05.16 17:30;0;20.875;-200;-200;3258;206;0;
286;2024.05.16 17:45;0;21.25;-200;-200;3258;206;0;
287;2024.05.16 18:00;0;21.25;-200;-200;3258;206;0;
288;2024.05.16 18:15;0;20.8125;-200;-200;3258;206;0;
289;2024.05.16 18:30;0;21.0625;-200;-200;3258;206;0;
290;2024.05.16 18:45;0;22.125;-200;-200;3258;206;0;
291;2024.05.16 19:00;0;21;-200;-200;3257;206;0;
292;2024.05.16 19:15;0;21.5;-200;-200;3257;206;0;
293;2024.05.16 19:30;0;22.0625;-200;-200;3257;206;0;
294;2024.05.16 19:45;0;22.5625;-200;-200;3258;206;0;
295;2024.05.16 20:00;0;21.375;-200;-200;3258;206;0;
296;2024.05.16 20:15;0;20.8125;-200;-200;3258;206;0;
297;2024.05.16 20:30;0;21.375;-200;-200;3258;206;0;
298;2024.05.16 20:45;0;21.1875;-200;-200;3258;206;0;
299;2024.05.16 21:00;0;21.125;-200;-200;3258;206;0;
300;2024.05.16 21:15;0;21.125;-200;-200;3258;206;0;
301;2024.05.16 21:30;0;21.1875;-200;-200;3258;206;0;
302;2024.05.16 21:45;0;21;-200;-200;3258;206;0;
303;2024.05.16 22:00;0;20.625;-200;-200;3258;206;0;
304;2024.05.16 22:15;0;20.25;-200;-200;3258;206;0;
305;2024.05.16 22:30;0;19.875;-200;-200;3258;206;0;
306;2024.05.16 22:45;0;19.5;-200;-200;3258;206;0;
307;2024.05.16 23:00;0;19.125;-200;-200;3258;206;0;
308;2024.05.16 23:15;0;18.8125;-200;-200;3258;206;0;
309;2024.05.16 23:30;0;18.5;-200;-200;3258;206;0;
310;2024.05.16 23:45;0;18.125;-200;-200;3258;206;0;
311;2024.05.17 00:00;0;17.6875;-200;-200;3258;206;0;
312;2024.05.17 00:15;0;17.25;-200;-200;3258;206;0;
313;2024.05.17 00:30;0;16.875;-200;-200;3258;206;0;
314;2024.05.17 00:45;0;16.5;-200;-200;3258;206;0;
315;2024.05.17 01:00;0;16.1875;-200;-200;3259;206;0;
316;2024.05.17 01:15;0;15.875;-200;-200;3259;206;0;
317;2024.05.17 01:30;0;15.75;-200;-200;3260;206;0;
318;2024.05.17 01:45;0;15.5;-200;-200;3261;206;0;
319;2024.05.17 02:00;0;15.25;-200;-200;3260;206;0;
320;2024.05.17 02:15;0;15.125;-200;-200;3261;206;0;
321;2024.05.17 02:30;0;15;-200;-200;3261;206;0;
322;2024.05.17 02:45;0;14.875;-200;-200;3261;206;0;
323;2024.05.17 03:00;0;14.75;-200;-200;3260;206;0;
324;2024.05.17 03:15;0;14.625;-200;-200;3260;206;0;
325;2024.05.17 03:30;0;14.5;-200;-200;3261;206;0;
326;2024.05.17 03:45;0;14.375;-200;-200;3260;206;0;
327;2024.05.17 04:00;0;14.375;-200;-200;3261;206;0;
328;2024.05.17 04:15;0;14.375;-200;-200;3260;206;0;
329;2024.05.17 04:30;0;14.375;-200;-200;3261;206;0;
330;2024.05.17 04:45;0;14.25;-200;-200;3260;206;0;
331;2024.05.17 05:00;0;14.25;-200;-200;3261;206;0;
332;2024.05.17 05:15;0;14.375;-200;-200;3261;206;0;
333;2024.05.17 05:30;0;14.375;-200;-200;3261;206;0;
334;2024.05.17 05:45;0;14.5;-200;-200;3261;206;0;
335;2024.05.17 06:00;0;14.75;-200;-200;3261;206;0;
336;2024.05.17 06:15;0;14.8125;-200;-200;3261;206;0;
337;2024.05.17 06:30;0;14.875;-200;-200;3261;206;0;
338;2024.05.17 06:45;0;15;-200;-200;3261;206;0;
339;2024.05.17 07:00;0;15;-200;-200;3261;206;0;
340;2024.05.17 07:15;0;14.9375;-200;-200;3261;206;0;
341;2024.05.17 07:30;0;14.75;-200;-200;3261;206;0;
342;2024.05.17 07:45;0;14.625;-200;-200;3261;206;0;
343;2024.05.17 08:00;0;14.3125;-200;-200;3261;206;0;
344;2024.05.17 08:15;0;14.125;-200;-200;3261;206;0;
345;2024.05.17 08:30;0;14;-200;-200;3261;206;0;
346;2024.05.17 08:45;0;13.75;-200;-200;3261;206;0;
347;2024.05.17 09:00;0;13.625;-200;-200;3262;206;0;
348;2024.05.17 09:15;0;13.4375;-200;-200;3262;206;0;
349;2024.05.17 09:30;0;13.375;-200;-200;3262;206;0;
350;2024.05.17 09:45;0;13.375;-200;-200;3262;206;0;
351;2024.05.17 10:00;0;13.375;-200;-200;3262;206;0;
352;2024.05.17 10:15;0;13.375;-200;-200;3262;206;0;
353;2024.05.17 10:30;0;13.5;-200;-200;3262;206;0;
354;2024.05.17 10:45;0;13.375;-200;-200;3262;206;0;
355;2024.05.17 11:00;0;13.5;-200;-200;3262;206;0;
356;2024.05.17 11:15;0;13.5625;-200;-200;3262;206;0;
357;2024.05.17 11:30;0;13.75;-200;-200;3262;206;0;
358;2024.05.17 11:45;0;14.125;-200;-200;3262;206;0;
359;2024.05.17 12:00;0;14.375;-200;-200;3262;206;0;
360;2024.05.17 12:15;0;14.875;-200;-200;3262;206;0;
361;2024.05.17 12:30;0;15.1875;-200;-200;3262;206;0;
362;2024.05.17 12:45;0;15.5;-200;-200;3262;206;0;
363;2024.05.17 13:00;0;16;-200;-200;3262;206;0;
364;2024.05.17 13:15;0;16.25;-200;-200;3262;206;0;
365;2024.05.17 13:30;0;16.5;-200;-200;3262;206;0;
366;2024.05.17 13:45;0;16.625;-200;-200;3262;206;0;
367;2024.05.17 14:00;0;16.75;-200;-200;3262;206;0;
368;2024.05.17 14:15;0;17.0625;-200;-200;3262;206;0;
369;2024.05.17 14:30;0;17.3125;-200;-200;3262;206;0;
370;2024.05.17 14:45;0;17.3125;-200;-200;3262;206;0;
371;2024.05.17 15:00;0;17.125;-200;-200;3262;206;0;
372;2024.05.17 15:15;0;17.5;-200;-200;3262;206;0;
373;2024.05.17 15:30;0;17.5;-200;-200;3262;206;0;
374;2024.05.17 15:45;0;17.625;-200;-200;3262;206;0;
375;2024.05.17 16:00;0;17.875;-200;-200;3262;206;0;
376;2024.05.17 16:15;0;18;-200;-200;3262;206;0;
377;2024.05.17 16:30;0;18.375;-200;-200;3261;206;0;
378;2024.05.17 16:45;0;18.0625;-200;-200;3261;206;0;
379;2024.05.17 17:00;0;18.125;-200;-200;3261;206;0;
380;2024.05.17 17:15;0;17.875;-200;-200;3261;206;0;
381;2024.05.17 17:30;0;18.125;-200;-200;3262;206;0;
382;2024.05.17 17:45;0;18.25;-200;-200;3261;206;0;
383;2024.05.17 18:00;0;18.4375;-200;-200;3261;206;0;
384;2024.05.17 18:15;0;18;-200;-200;3261;206;0;
385;2024.05.17 18:30;0;17.8125;-200;-200;3261;206;0;
386;2024.05.17 18:45;0;17.875;-200;-200;3261;206;0;
387;2024.05.17 19:00;0;18;-200;-200;3261;206;0;
388;2024.05.17 19:15;0;18;-200;-200;3261;206;0;
389;2024.05.17 19:30;0;17.9375;-200;-200;3261;206;0;
390;2024.05.17 19:45;0;17.875;-200;-200;3261;206;0;
391;2024.05.17 20:00;0;17.875;-200;-200;3261;206;0;
392;2024.05.17 20:15;0;18;-200;-200;3261;206;0;
393;2024.05.17 20:30;0;17.875;-200;-200;3261;206;0;
394;2024.05.17 20:45;0;17.9375;-200;-200;3261;206;0;
395;2024.05.17 21:00;0;17.875;-200;-200;3261;206;0;
396;2024.05.17 21:15;0;18;-200;-200;3261;206;0;
397;2024.05.17 21:30;0;18;-200;-200;3261;206;0;
398;2024.05.17 21:45;0;17.9375;-200;-200;3261;206;0;
399;2024.05.17 22:00;0;18;-200;-200;3261;206;0;
400;2024.05.17 22:15;0;17.875;-200;-200;3261;206;0;
401;2024.05.17 22:30;0;17.8125;-200;-200;3261;206;0;
402;2024.05.17 22:45;0;17.625;-200;-200;3261;206;0;
403;2024.05.17 23:00;0;17.5;-200;-200;3261;206;0;
404;2024.05.17 23:15;0;17.375;-200;-200;3261;206;0;
405;2024.05.17 23:30;0;17.3125;-200;-200;3261;206;0;
406;2024.05.17 23:45;0;17.125;-200;-200;3261;206;0;
407;2024.05.18 00:00;0;17.125;-200;-200;3261;206;0;
408;2024.05.18 00:15;0;17;-200;-200;3261;206;0;
409;2024.05.18 00:30;0;16.8125;-200;-200;3261;206;0;
410;2024.05.18 00:45;0;16.6875;-200;-200;3261;206;0;
411;2024.05.18 01:00;0;16.5;-200;-200;3261;206;0;
412;2024.05.18 01:15;0;16.375;-200;-200;3261;206;0;
413;2024.05.18 01:30;0;16.25;-200;-200;3261;206;0;
414;2024.05.18 01:45;0;16.1875;-200;-200;3261;206;0;
415;2024.05.18 02:00;0;16.125;-200;-200;3261;206;0;
416;2024.05.18 02:15;0;16.0625;-200;-200;3261;206;0;
417;2024.05.18 02:30;0;16;-200;-200;3261;206;0;
418;2024.05.18 02:45;0;15.9375;-200;-200;3261;206;0;
419;2024.05.18 03:00;0;15.8125;-200;-200;3261;206;0;
420;2024.05.18 03:15;0;15.75;-200;-200;3261;206;0;
421;2024.05.18 03:30;0;15.625;-200;-200;3261;206;0;
422;2024.05.18 03:45;0;15.5625;-200;-200;3261;206;0;
423;2024.05.18 04:00;0;15.5;-200;-200;3261;206;0;
424;2024.05.18 04:15;0;15.5;-200;-200;3261;206;0;
425;2024.05.18 04:30;0;15.4375;-200;-200;3261;206;0;
426;2024.05.18 04:45;0;15.375;-200;-200;3261;206;0;
427;2024.05.18 05:00;0;15.3125;-200;-200;3261;206;0;
428;2024.05.18 05:15;0;15.25;-200;-200;3261;206;0;
429;2024.05.18 05:30;0;15.25;-200;-200;3261;206;0;
430;2024.05.18 05:45;0;15.125;-200;-200;3261;206;0;
431;2024.05.18 06:00;0;15.0625;-200;-200;3261;206;0;
432;2024.05.18 06:15;0;15;-200;-200;3261;206;0;
433;2024.05.18 06:30;0;14.875;-200;-200;3261;206;0;
434;2024.05.18 06:45;0;14.75;-200;-200;3261;206;0;
435;2024.05.18 07:00;0;14.75;-200;-200;3261;206;0;
436;2024.05.18 07:15;0;14.6875;-200;-200;3261;206;0;
437;2024.05.18 07:30;0;14.625;-200;-200;3261;206;0;
438;2024.05.18 07:45;0;14.625;-200;-200;3261;206;0;
439;2024.05.18 08:00;0;14.625;-200;-200;3261;206;0;
440;2024.05.18 08:15;0;14.625;-200;-200;3261;206;0;
441;2024.05.18 08:30;0;14.625;-200;-200;3261;206;0;
442;2024.05.18 08:45;0;14.625;-200;-200;3261;206;0;
443;2024.05.18 09:00;0;14.5;-200;-200;3261;206;0;
444;2024.05.18 09:15;0;14.4375;-200;-200;3261;206;0;
445;2024.05.18 09:30;0;14.375;-200;-200;3261;206;0;
446;2024.05.18 09:45;0;14.375;-200;-200;3261;206;0;
447;2024.05.18 10:00;0;14.375;-200;-200;3261;206;0;
448;2024.05.18 10:15;0;14.375;-200;-200;3261;206;0;
449;2024.05.18 10:30;0;14.4375;-200;-200;3261;206;0;
450;2024.05.18 10:45;0;14.4375;-200;-200;3261;206;0;
451;2024.05.18 11:00;0;14.375;-200;-200;3261;206;0;
452;2024.05.18 11:15;0;14.4375;-200;-200;3261;206;0;
453;2024.05.18 11:30;0;14.5;-200;-200;3261;206;0;
454;2024.05.18 11:45;0;14.5;-200;-200;3261;206;0;
455;2024.05.18 12:00;0;14.5;-200;-200;3261;206;0;
456;2024.05.18 12:15;0;14.4375;-200;-200;3262;206;0;
457;2024.05.18 12:30;0;14.375;-200;-200;3262;206;0;
458;2024.05.18 12:45;0;14.375;-200;-200;3262;206;0;
459;2024.05.18 13:00;0;14.5;-200;-200;3262;206;0;
460;2024.05.18 13:15;0;14.375;-200;-200;3262;206;0;
461;2024.05.18 13:30;0;14.375;-200;-200;3262;206;0;
462;2024.05.18 13:45;0;14.5;-200;-200;3262;206;0;
463;2024.05.18 14:00;0;14.5;-200;-200;3264;206;0;
464;2024.05.18 14:15;0;14.625;-200;-200;3265;206;0;
465;2024.05.18 14:30;0;14.75;-200;-200;3266;206;0;
466;2024.05.18 14:45;0;14.75;-200;-200;3267;206;0;
467;2024.05.18 15:00;0;14.75;-200;-200;3267;206;0;
468;2024.05.18 15:15;0;14.75;-200;-200;3268;206;0;
469;2024.05.18 15:30;0;14.875;-200;-200;3269;206;0;
470;2024.05.18 15:45;0;14.8125;-200;-200;3270;206;0;
471;2024.05.18 16:00;0;15;-200;-200;3271;206;0;
472;2024.05.18 16:15;0;15.125;-200;-200;3273;206;0;
473;2024.05.18 16:30;0;15.25;-200;-200;3273;206;0;
474;2024.05.18 16:45;0;15.25;-200;-200;3273;206;0;
475;2024.05.18 17:00;0;15.375;-200;-200;3274;206;0;
476;2024.05.18 17:15;0;15.125;-200;-200;3275;206;0;
477;2024.05.18 17:30;0;15.125;-200;-200;3276;206;0;
478;2024.05.18 17:45;0;15.25;-200;-200;3277;206;0;
479;2024.05.18 18:00;0;15.1875;-200;-200;3278;206;0;
480;2024.05.18 18:15;0;15.375;-200;-200;3277;206;0;
481;2024.05.18 18:30;0;15.25;-200;-200;3277;206;0;
482;2024.05.18 18:45;0;15.125;-200;-200;3278;206;0;
483;2024.05.18 19:00;0;15.6875;-200;-200;3277;206;0;
484;2024.05.18 19:15;0;15.5625;-200;-200;3278;206;0;
485;2024.05.18 19:30;0;15.625;-200;-200;3279;206;0;
486;2024.05.18 19:45;0;15.75;-200;-200;3278;206;0;
487;2024.05.18 20:00;0;15.375;-200;-200;3278;206;0;
488;2024.05.18 20:15;0;15.25;-200;-200;3279;206;0;
489;2024.05.18 20:30;0;15.375;-200;-200;3278;206;0;
490;2024.05.18 20:45;0;15.5;-200;-200;3278;206;0;
491;2024.05.18 21:00;0;15.5;-200;-200;3279;206;0;
492;2024.05.18 21:15;0;15.5;-200;-200;3278;206;0;
493;2024.05.18 21:30;0;15.4375;-200;-200;3278;206;0;
494;2024.05.18 21:45;0;15.5625;-200;-200;3278;206;0;
495;2024.05.18 22:00;0;15.4375;-200;-200;3278;206;0;
496;2024.05.18 22:15;0;15.3125;-200;-200;3279;206;0;
497;2024.05.18 22:30;0;15.375;-200;-200;3280;206;0;
498;2024.05.18 22:45;0;15.25;-200;-200;3280;206;0;
499;2024.05.18 23:00;0;15.375;-200;-200;3280;206;0;
500;2024.05.18 23:15;0;15.375;-200;-200;3280;206;0;
501;2024.05.18 23:30;0;15.25;-200;-200;3280;206;0;
502;2024.05.18 23:45;0;15.0625;-200;-200;3282;206;0;
503;2024.05.19 00:00;0;15.125;-200;-200;3281;206;0;
504;2024.05.19 00:15;0;15.0625;-200;-200;3281;206;0;
505;2024.05.19 00:30;0;15;-200;-200;3282;206;0;
506;2024.05.19 00:45;0;15;-200;-200;3281;206;0;
507;2024.05.19 01:00;0;14.9375;-200;-200;3283;206;0;
508;2024.05.19 01:15;0;14.875;-200;-200;3284;206;0;
509;2024.05.19 01:30;0;14.875;-200;-200;3284;206;0;
510;2024.05.19 01:45;0;14.875;-200;-200;3284;206;0;
511;2024.05.19 02:00;0;14.875;-200;-200;3285;206;0;
512;2024.05.19 02:15;0;14.875;-200;-200;3285;206;0;
513;2024.05.19 02:30;0;14.875;-200;-200;3287;206;0;
514;2024.05.19 02:45;0;14.875;-200;-200;3287;206;0;
515;2024.05.19 03:00;0;14.75;-200;-200;3287;206;0;
516;2024.05.19 03:15;0;14.75;-200;-200;3289;206;0;
517;2024.05.19 03:30;0;14.75;-200;-200;3289;206;0;
518;2024.05.19 03:45;0;14.75;-200;-200;3290;206;0;
519;2024.05.19 04:00;0;14.75;-200;-200;3290;206;0;
520;2024.05.19 04:15;0;14.75;-200;-200;3289;206;0;
521;2024.05.19 04:30;0;14.75;-200;-200;3290;206;0;
522;2024.05.19 04:45;0;14.6875;-200;-200;3290;206;0;
523;2024.05.19 05:00;0;14.6875;-200;-200;3291;206;0;
524;2024.05.19 05:15;0;14.6875;-200;-200;3291;206;0;
525;2024.05.19 05:30;0;14.75;-200;-200;3292;206;0;
526;2024.05.19 05:45;0;14.6875;-200;-200;3292;206;0;
527;2024.05.19 06:00;0;14.5;-200;-200;3293;206;0;
528;2024.05.19 06:15;0;14.5;-200;-200;3294;206;0;
529;2024.05.19 06:30;0;14.3125;-200;-200;3295;206;0;
530;2024.05.19 06:45;0;14.25;-200;-200;3294;206;0;
531;2024.05.19 07:00;0;14.25;-200;-200;3294;206;0;
532;2024.05.19 07:15;0;14.1875;-200;-200;3294;206;0;
533;2024.05.19 07:30;0;14.125;-200;-200;3293;206;0;
534;2024.05.19 07:45;0;13.9375;-200;-200;3295;206;0;
535;2024.05.19 08:00;0;13.6875;-200;-200;3295;206;0;
536;2024.05.19 08:15;0;13.5;-200;-200;3296;206;0;
537;2024.05.19 08:30;0;13.5;-200;-200;3296;206;0;
538;2024.05.19 08:45;0;13.625;-200;-200;3297;206;0;
539;2024.05.19 09:00;0;13.625;-200;-200;3296;206;0;
540;2024.05.19 09:15;0;13.625;-200;-200;3297;206;0;
541;2024.05.19 09:30;0;13.6875;-200;-200;3297;206;0;
542;2024.05.19 09:45;0;13.625;-200;-200;3297;206;0;
543;2024.05.19 10:00;0;13.5;-200;-200;3298;206;0;
544;2024.05.19 10:15;0;13.5;-200;-200;3298;206;0;
545;2024.05.19 10:30;0;13.5625;-200;-200;3299;206;0;
546;2024.05.19 10:45;0;13.625;-200;-200;3298;206;0;
547;2024.05.19 11:00;0;13.8125;-200;-200;3299;206;0;
548;2024.05.19 11:15;0;13.875;-200;-200;3298;206;0;
549;2024.05.19 11:30;0;14.0625;-200;-200;3298;206;0;
550;2024.05.19 11:45;0;14.25;-200;-200;3300;206;0;
551;2024.05.19 12:00;0;14.5;-200;-200;3299;206;0;
552;2024.05.19 12:15;0;14.6875;-200;-200;3299;206;0;
553;2024.05.19 12:30;0;14.8125;-200;-200;3299;206;0;
554;2024.05.19 12:45;0;15;-200;-200;3299;206;0;
555;2024.05.19 13:00;0;15.1875;-200;-200;3300;206;0;
556;2024.05.19 13:15;0;15.1875;-200;-200;3300;206;0;
557;2024.05.19 13:30;0;15.375;-200;-200;3300;206;0;
558;2024.05.19 13:45;0;15.5;-200;-200;3300;206;0;
559;2024.05.19 14:00;0;15.5;-200;-200;3300;206;0;
560;2024.05.19 14:15;0;15.625;-200;-200;3300;206;0;
561;2024.05.19 14:30;0;15.625;-200;-200;3300;206;0;
562;2024.05.19 14:45;0;15.75;-200;-200;3300;206;0;
563;2024.05.19 15:00;0;15.9375;-200;-200;3300;206;0;
564;2024.05.19 15:15;0;16.125;-200;-200;3300;206;0;
565;2024.05.19 15:30;0;16.375;-200;-200;3300;206;0;
566;2024.05.19 15:45;0;16.75;-200;-200;3300;206;0;
567;2024.05.19 16:00;0;16.9375;-200;-200;3300;206;0;
568;2024.05.19 16:15;0;17.125;-200;-200;3300;206;0;
569;2024.05.19 16:30;0;17.5;-200;-200;3300;206;0;
570;2024.05.19 16:45;0;17.9375;-200;-200;3300;206;0;
571;2024.05.19 17:00;0;18.125;-200;-200;3300;206;0;
572;2024.05.19 17:15;0;18.25;-200;-200;3300;206;0;
573;2024.05.19 17:30;0;18.875;-200;-200;3300;206;0;
574;2024.05.19 17:45;0;19;-200;-200;3300;206;0;
575;2024.05.19 18:00;0;18.875;-200;-200;3300;206;0;
576;2024.05.19 18:15;0;18.8125;-200;-200;3300;206;0;
577;2024.05.19 18:30;0;18.875;-200;-200;3300;206;0;
578;2024.05.19 18:45;0;18.75;-200;-200;3300;206;0;
579;2024.05.19 19:00;0;18.4375;-200;-200;3300;206;0;
580;2024.05.19 19:15;0;18.375;-200;-200;3300;206;0;
581;2024.05.19 19:30;0;18.4375;-200;-200;3300;206;0;
582;2024.05.19 19:45;0;18.375;-200;-200;3300;206;0;
583;2024.05.19 20:00;0;18.4375;-200;-200;3300;206;0;
584;2024.05.19 20:15;0;18.625;-200;-200;3300;206;0;
585;2024.05.19 20:30;0;18.5625;-200;-200;3300;206;0;
586;2024.05.19 20:45;0;18.5;-200;-200;3300;206;0;
587;2024.05.19 21:00;0;18.4375;-200;-200;3300;206;0;
588;2024.05.19 21:15;0;18.625;-200;-200;3300;206;0;
589;2024.05.19 21:30;0;18.875;-200;-200;3300;206;0;
590;2024.05.19 21:45;0;19;-200;-200;3300;206;0;
591;2024.05.19 22:00;0;18.75;-200;-200;3300;206;0;
592;2024.05.19 22:15;0;18.625;-200;-200;3300;206;0;
593;2024.05.19 22:30;0;18.5;-200;-200;3300;206;0;
594;2024.05.19 22:45;0;18.125;-200;-200;3300;206;0;
595;2024.05.19 23:00;0;17.8125;-200;-200;3301;206;0;
596;2024.05.19 23:15;0;17.5;-200;-200;3300;206;0;
597;2024.05.19 23:30;0;17.25;-200;-200;3301;206;0;
598;2024.05.19 23:45;0;16.9375;-200;-200;3301;206;0;
599;2024.05.20 00:00;0;16.625;-200;-200;3301;206;0;
600;2024.05.20 00:15;0;16.25;-200;-200;3301;206;0;
601;2024.05.20 00:30;0;16;-200;-200;3302;206;0;
602;2024.05.20 00:45;0;15.6875;-200;-200;3302;206;0;
603;2024.05.20 01:00;0;15.4375;-200;-200;3303;206;0;
604;2024.05.20 01:15;0;15.25;-200;-200;3304;206;0;
605;2024.05.20 01:30;0;15.0625;-200;-200;3305;206;0;
606;2024.05.20 01:45;0;14.875;-200;-200;3308;206;0;
607;2024.05.20 02:00;0;14.625;-200;-200;3309;206;0;
608;2024.05.20 02:15;0;14.375;-200;-200;3310;206;0;
609;2024.05.20 02:30;0;14.25;-200;-200;3311;206;0;
610;2024.05.20 02:45;0;14.125;-200;-200;3311;206;0;
611;2024.05.20 03:00;0;14;-200;-200;3312;206;0;
612;2024.05.20 03:15;0;13.875;-200;-200;3312;206;0;
613;2024.05.20 03:30;0;13.8125;-200;-200;3312;206;0;
614;2024.05.20 03:45;0;13.625;-200;-200;3313;206;0;
615;2024.05.20 04:00;0;13.625;-200;-200;3312;206;0;
616;2024.05.20 04:15;0;13.5;-200;-200;3313;206;0;
617;2024.05.20 04:30;0;13.375;-200;-200;3313;206;0;
618;2024.05.20 04:45;0;13.375;-200;-200;3313;206;0;
619;2024.05.20 05:00;0;13.25;-200;-200;3314;206;0;
620;2024.05.20 05:15;0;13.125;-200;-200;3314;206;0;
621;2024.05.20 05:30;0;13;-200;-200;3314;206;0;
622;2024.05.20 05:45;0;13;-200;-200;3314;206;0;
623;2024.05.20 06:00;0;12.9375;-200;-200;3314;206;0;
624;2024.05.20 06:15;0;12.875;-200;-200;3315;206;0;
625;2024.05.20 06:30;0;12.75;-200;-200;3316;206;0;
626;2024.05.20 06:45;0;12.75;-200;-200;3315;206;0;
627;2024.05.20 07:00;0;12.75;-200;-200;3315;206;0;
628;2024.05.20 07:15;0;12.625;-200;-200;3316;206;0;
629;2024.05.20 07:30;0;12.5625;-200;-200;3316;206;0;
630;2024.05.20 07:45;0;12.5625;-200;-200;3316;206;0;
631;2024.05.20 08:00;0;12.5625;-200;-200;3316;206;0;
632;2024.05.20 08:15;0;12.5;-200;-200;3317;206;0;
633;2024.05.20 08:30;0;12.375;-200;-200;3317;206;0;
634;2024.05.20 08:45;0;12.375;-200;-200;3317;206;0;
635;2024.05.20 09:00;0;12.375;-200;-200;3318;206;0;
636;2024.05.20 09:15;0;12.3125;-200;-200;3318;206;0;
637;2024.05.20 09:30;0;12.25;-200;-200;3317;206;0;
638;2024.05.20 09:45;0;12.1875;-200;-200;3318;206;0;
639;2024.05.20 10:00;0;12.1875;-200;-200;3318;206;0;
640;2024.05.20 10:15;0;12.125;-200;-200;3318;206;0;
641;2024.05.20 10:30;0;12.1875;-200;-200;3318;206;0;
642;2024.05.20 10:45;0;12.25;-200;-200;3319;206;0;
643;2024.05.20 11:00;0;12.25;-200;-200;3318;206;0;
644;2024.05.20 11:15;0;12.375;-200;-200;3319;206;0;
645;2024.05.20 11:30;0;12.5;-200;-200;3319;206;0;
646;2024.05.20 11:45;0;12.75;-200;-200;3319;206;0;
647;2024.05.20 12:00;0;13;-200;-200;3319;206;0;
648;2024.05.20 12:15;0;13.3125;-200;-200;3320;206;0;
649;2024.05.20 12:30;0;13.75;-200;-200;3320;206;0;
650;2024.05.20 12:45;0;14.25;-200;-200;3322;206;0;
651;2024.05.20 13:00;0;15.125;-200;-200;3320;206;0;
652;2024.05.20 13:15;0;15.9375;-200;-200;3322;206;0;
653;2024.05.20 13:30;0;16.5;-200;-200;3323;206;0;
654;2024.05.20 13:45;0;16.9375;-200;-200;3322;206;0;
655;2024.05.20 14:00;0;17.25;-200;-200;3323;206;0;
656;2024.05.20 14:15;0;17.75;-200;-200;3323;206;0;
657;2024.05.20 14:30;0;18.625;-200;-200;3323;206;0;
658;2024.05.20 14:45;0;19;-200;-200;3324;206;0;
659;2024.05.20 15:00;0;19.25;-200;-200;3324;206;0;
660;2024.05.20 15:15;0;19.625;-200;-200;3323;206;0;
661;2024.05.20 15:30;0;20.25;-200;-200;3323;206;0;
662;2024.05.20 15:45;0;21;-200;-200;3323;206;0;
663;2024.05.20 16:00;0;21.375;-200;-200;3323;206;0;
664;2024.05.20 16:15;0;21.6875;-200;-200;3323;206;0;
665;2024.05.20 16:30;0;22.3125;-200;-200;3323;206;0;
666;2024.05.20 16:45;0;22.5;-200;-200;3324;206;0;
667;2024.05.20 17:00;0;22.8125;-200;-200;3324;206;0;
668;2024.05.20 17:15;0;23.25;-200;-200;3323;206;0;
669;2024.05.20 17:30;0;23.25;-200;-200;3323;206;0;
670;2024.05.20 17:45;0;23.25;-200;-200;3323;206;0;
671;2024.05.20 18:00;0;23.5;-200;-200;3323;206;0;
672;2024.05.20 18:15;0;23.75;-200;-200;3323;206;0;
673;2024.05.20 18:30;0;23.75;-200;-200;3323;206;0;
674;2024.05.20 18:45;0;23.875;-200;-200;3323;206;0;
675;2024.05.20 19:00;0;24.0625;-200;-200;3323;206;0;
676;2024.05.20 19:15;0;23.9375;-200;-200;3323;206;0;
677;2024.05.20 19:30;0;23.875;-200;-200;3323;206;0;
678;2024.05.20 19:45;0;23.875;-200;-200;3323;206;0;
679;2024.05.20 20:00;0;23.875;-200;-200;3323;206;0;
680;2024.05.20 20:15;0;23.5625;-200;-200;3323;206;0;
681;2024.05.20 20:30;0;23.875;-200;-200;3322;206;0;
682;2024.05.20 20:45;0;23.75;-200;-200;3322;206;0;
683;2024.05.20 21:00;0;23.375;-200;-200;3322;206;0;
684;2024.05.20 21:15;0;23.1875;-200;-200;3322;206;0;
685;2024.05.20 21:30;0;22.875;-200;-200;3321;206;0;
686;2024.05.20 21:45;0;22.375;-200;-200;3321;206;0;
687;2024.05.20 22:00;0;22.0625;-200;-200;3321;206;0;
688;2024.05.20 22:15;0;21.75;-200;-200;3321;206;0;
689;2024.05.20 22:30;0;21.375;-200;-200;3321;206;0;
690;2024.05.20 22:45;0;20.875;-200;-200;3321;206;0;
691;2024.05.20 23:00;0;20.375;-200;-200;3321;206;0;
692;2024.05.20 23:15;0;19.8125;-200;-200;3321;206;0;
693;2024.05.20 23:30;0;19.3125;-200;-200;3321;206;0;
694;2024.05.20 23:45;0;18.875;-200;-200;3321;206;0;
695;2024.05.21 00:00;0;18.5;-200;-200;3321;206;0;
696;2024.05.21 00:15;0;18.25;-200;-200;3321;206;0;
697;2024.05.21 00:30;0;17.875;-200;-200;3321;206;0;
698;2024.05.21 00:45;0;17.625;-200;-200;3321;206;0;
699;2024.05.21 01:00;0;17.3125;-200;-200;3321;206;0;
700;2024.05.21 01:15;0;17.125;-200;-200;3322;206;0;
701;2024.05.21 01:30;0;16.8125;-200;-200;3322;206;0;
702;2024.05.21 01:45;0;16.625;-200;-200;3321;206;0;
703;2024.05.21 02:00;0;16.5;-200;-200;3321;206;0;
704;2024.05.21 02:15;0;16.375;-200;-200;3321;206;0;
705;2024.05.21 02:30;0;16.3125;-200;-200;3321;206;0;
706;2024.05.21 02:45;0;16.3125;-200;-200;3321;206;0;
707;2024.05.21 03:00;0;16.25;-200;-200;3322;206;0;
708;2024.05.21 03:15;0;16.25;-200;-200;3322;206;0;
709;2024.05.21 03:30;0;16.25;-200;-200;3321;206;0;
710;2024.05.21 03:45;0;16.25;-200;-200;3322;206;0;
711;2024.05.21 04:00;0;16.25;-200;-200;3322;206;0;
712;2024.05.21 04:15;0;16.25;-200;-200;3322;206;0;
713;2024.05.21 04:30;0;16;-200;-200;3322;206;0;
714;2024.05.21 04:45;0;15.875;-200;-200;3322;206;0;
715;2024.05.21 05:00;0;15.6875;-200;-200;3321;206;0;
716;2024.05.21 05:15;0;15.5;-200;-200;3321;206;0;
717;2024.05.21 05:30;0;15.375;-200;-200;3321;206;0;
718;2024.05.21 05:45;0;15.25;-200;-200;3321;206;0;
719;2024.05.21 06:00;0;15.125;-200;-200;3321;206;0;
720;2024.05.21 06:15;0;15;-200;-200;3321;206;0;
721;2024.05.21 06:30;0;14.9375;-200;-200;3321;206;0;
722;2024.05.21 06:45;0;14.75;-200;-200;3321;206;0;
723;2024.05.21 07:00;0;14.6875;-200;-200;3321;206;0;
724;2024.05.21 07:15;0;14.625;-200;-200;3322;206;0;
725;2024.05.21 07:30;0;14.5;-200;-200;3321;206;0;
726;2024.05.21 07:45;0;14.4375;-200;-200;3321;206;0;
727;2024.05.21 08:00;0;14.375;-200;-200;3322;206;0;
728;2024.05.21 08:15;0;14.3125;-200;-200;3322;206;0;
729;2024.05.21 08:30;0;14.25;-200;-200;3321;206;0;
730;2024.05.21 08:45;0;14.125;-200;-200;3322;206;0;
731;2024.05.21 09:00;0;14.125;-200;-200;3322;206;0;
732;2024.05.21 09:15;0;14.125;-200;-200;3322;206;0;
733;2024.05.21 09:30;0;14.125;-200;-200;3322;206;0;
734;2024.05.21 09:45;0;14;-200;-200;3321;206;0;
735;2024.05.21 10:00;0;14;-200;-200;3322;206;0;
736;2024.05.21 10:15;0;13.875;-200;-200;3322;206;0;
737;2024.05.21 10:30;0;13.875;-200;-200;3322;206;0;
738;2024.05.21 10:45;0;13.875;-200;-200;3321;206;0;
739;2024.05.21 11:00;0;14;-200;-200;3321;206;0;
740;2024.05.21 11:15;0;14.125;-200;-200;3321;206;0;
741;2024.05.21 11:30;0;14.25;-200;-200;3321;206;0;
742;2024.05.21 11:45;0;14.375;-200;-200;3321;206;0;
743;2024.05.21 12:00;0;14.625;-200;-200;3321;206;0;
744;2024.05.21 12:15;0;15;-200;-200;3321;206;0;
745;2024.05.21 12:30;0;15.375;-200;-200;3321;206;0;
746;2024.05.21 12:45;0;15.875;-200;-200;3321;206;0;
747;2024.05.21 13:00;0;16.6875;-200;-200;3321;206;0;
748;2024.05.21 13:15;0;17.375;-200;-200;3321;206;0;
749;2024.05.21 13:30;0;18.25;-200;-200;3321;206;0;
750;2024.05.21 13:45;0;18.875;-200;-200;3321;206;0;
751;2024.05.21 14:00;0;19.5;-200;-200;3321;206;0;
752;2024.05.21 14:15;0;19.9375;-200;-200;3321;206;0;
753;2024.05.21 14:30;0;20.5;-200;-200;3321;206;0;
754;2024.05.21 14:45;0;21.4375;-200;-200;3322;206;0;
755;2024.05.21 15:00;0;22.3125;-200;-200;3322;206;0;
756;2024.05.21 15:15;0;22.5;-200;-200;3322;206;0;
757;2024.05.21 15:30;0;22.9375;-200;-200;3322;206;0;
758;2024.05.21 15:45;0;22.9375;-200;-200;3322;206;0;
759;2024.05.21 16:00;0;23.1875;-200;-200;3321;206;0;
760;2024.05.21 16:15;0;23.25;-200;-200;3321;206;0;
761;2024.05.21 16:30;0;23.625;-200;-200;3321;206;0;
762;2024.05.21 16:45;0;23.9375;-200;-200;3320;206;0;
763;2024.05.21 17:00;0;24.0625;-200;-200;3320;206;0;
764;2024.05.21 17:15;0;24.375;-200;-200;3320;206;0;
765;2024.05.21 17:30;0;24.625;-200;-200;3319;206;0;
