1;2022.02.17 14:00;4;21,625;-200;-200;0;206;0;
2;2022.02.17 14:15;4;21,375;-200;-200;0;206;0;
3;2022.02.17 14:30;4;21,75;-200;-200;0;206;0;
4;2022.02.17 14:45;4;21,6875;-200;-200;0;206;0;
5;2022.02.17 15:00;4;21,8125;-200;-200;0;206;0;
6;2022.02.17 15:15;4;23,3125;-200;-200;0;206;0;
7;2022.02.17 15:30;4;22,875;-200;-200;0;206;0;
8;2022.02.17 15:45;4;22,25;-200;-200;0;206;0;
9;2022.02.17 16:00;4;20,75;-200;-200;0;206;0;
10;2022.02.17 16:15;4;19,9375;-200;-200;0;206;0;
11;2022.02.17 16:30;4;19,375;-200;-200;0;206;0;
12;2022.02.17 16:45;4;19;-200;-200;0;206;0;
13;2022.02.17 17:00;4;18,625;-200;-200;0;206;0;
14;2022.02.17 17:15;4;18,375;-200;-200;0;206;0;
15;2022.02.17 17:30;4;18,125;-200;-200;0;206;0;
16;2022.02.17 17:45;4;17,875;-200;-200;0;206;0;
17;2022.02.17 18:00;4;17,8125;-200;-200;0;206;0;
18;2022.02.17 18:15;4;17,625;-200;-200;0;206;0;
19;2022.02.17 18:30;4;17,5;-200;-200;0;206;0;
20;2022.02.17 18:45;4;17,4375;-200;-200;0;206;0;
21;2022.02.17 19:00;4;17,375;-200;-200;0;206;0;
22;2022.02.17 19:15;4;17,25;-200;-200;0;206;0;
23;2022.02.17 19:30;4;17,125;-200;-200;0;206;0;
24;2022.02.17 19:45;4;16,875;-200;-200;0;206;0;
25;2022.02.17 20:00;4;16,5;-200;-200;0;206;0;
26;2022.02.17 20:15;4;16,25;-200;-200;0;206;0;
27;2022.02.17 20:30;4;16;-200;-200;0;206;0;
28;2022.02.17 20:45;4;15,5;-200;-200;0;206;0;
29;2022.02.17 21:00;4;15,1875;-200;-200;0;206;0;
30;2022.02.17 21:15;4;14,9375;-200;-200;0;206;0;
31;2022.02.17 21:30;4;14,625;-200;-200;0;206;0;
32;2022.02.17 21:45;4;14,5;-200;-200;0;206;0;
33;2022.02.17 22:00;4;14,4375;-200;-200;0;206;0;
34;2022.02.17 22:15;4;14,375;-200;-200;0;206;0;
35;2022.02.17 22:30;4;14,375;-200;-200;0;206;0;
36;2022.02.17 22:45;4;14,4375;-200;-200;0;206;0;
37;2022.02.17 23:00;4;14,375;-200;-200;0;206;0;
38;2022.02.17 23:15;4;14,375;-200;-200;0;206;0;
39;2022.02.17 23:30;4;14,25;-200;-200;0;206;0;
40;2022.02.17 23:45;4;14,375;-200;-200;0;206;0;
41;2022.02.18 00:00;4;15,6875;-200;-200;0;206;0;
42;2022.02.18 00:15;4;16,125;-200;-200;0;206;0;
43;2022.02.18 00:30;4;16,25;-200;-200;0;206;0;
44;2022.02.18 00:45;4;16,3125;-200;-200;0;206;0;
45;2022.02.18 01:00;4;16,3125;-200;-200;0;206;0;
46;2022.02.18 01:15;4;16,3125;-200;-200;0;206;0;
47;2022.02.18 01:30;4;16,25;-200;-200;0;206;0;
48;2022.02.18 01:45;4;16,25;-200;-200;0;206;0;
49;2022.02.18 02:00;4;16,125;-200;-200;0;206;0;
50;2022.02.18 02:15;4;16,0625;-200;-200;0;206;0;
51;2022.02.18 02:30;4;16;-200;-200;0;206;0;
52;2022.02.18 02:45;4;15,875;-200;-200;0;206;0;
53;2022.02.18 03:00;4;15,75;-200;-200;0;206;0;
54;2022.02.18 03:15;4;15,6875;-200;-200;0;206;0;
55;2022.02.18 03:30;4;15,625;-200;-200;0;206;0;
56;2022.02.18 03:45;4;15,5;-200;-200;0;206;0;
57;2022.02.18 04:00;4;15,4375;-200;-200;0;206;0;
58;2022.02.18 04:15;4;15,3125;-200;-200;0;206;0;
59;2022.02.18 04:30;4;15,25;-200;-200;0;206;0;
60;2022.02.18 04:45;4;15,125;-200;-200;0;206;0;
61;2022.02.18 05:00;4;15;-200;-200;0;206;0;
62;2022.02.18 05:15;4;14,875;-200;-200;0;206;0;
63;2022.02.18 05:30;4;14,75;-200;-200;0;206;0;
64;2022.02.18 05:45;4;14,625;-200;-200;0;206;0;
65;2022.02.18 06:00;4;14,5;-200;-200;0;206;0;
66;2022.02.18 06:15;4;14,375;-200;-200;0;206;0;
67;2022.02.18 06:30;4;14,25;-200;-200;0;206;0;
68;2022.02.18 06:45;4;14,125;-200;-200;0;206;0;
69;2022.02.18 07:00;4;14;-200;-200;0;206;0;
70;2022.02.18 07:15;4;13,8125;-200;-200;0;206;0;
71;2022.02.18 07:30;4;13,625;-200;-200;0;206;0;
72;2022.02.18 07:45;4;13,5;-200;-200;0;206;0;
73;2022.02.18 08:00;4;13,375;-200;-200;0;206;0;
74;2022.02.18 08:15;4;13,1875;-200;-200;0;206;0;
75;2022.02.18 08:30;4;13;-200;-200;0;206;0;
76;2022.02.18 08:45;4;12,875;-200;-200;0;206;0;
77;2022.02.18 09:00;4;12,6875;-200;-200;0;206;0;
78;2022.02.18 09:15;4;12,5;-200;-200;0;206;0;
79;2022.02.18 09:30;4;12,375;-200;-200;0;206;0;
80;2022.02.18 09:45;4;12,25;-200;-200;0;206;0;
81;2022.02.18 10:00;4;12,0625;-200;-200;0;206;0;
82;2022.02.18 10:15;4;11,875;-200;-200;0;206;0;
83;2022.02.18 10:30;4;11,75;-200;-200;0;206;0;
84;2022.02.18 10:45;4;11,625;-200;-200;0;206;0;
85;2022.02.18 11:00;4;11,5;-200;-200;0;206;0;
86;2022.02.18 11:15;4;11,375;-200;-200;0;206;0;
87;2022.02.18 11:30;4;11,25;-200;-200;0;206;0;
88;2022.02.18 11:45;4;11,125;-200;-200;0;206;0;
89;2022.02.18 12:00;4;11,0625;-200;-200;0;206;0;
90;2022.02.18 12:15;4;10,875;-200;-200;0;206;0;
91;2022.02.18 12:30;4;10,75;-200;-200;0;206;0;
92;2022.02.18 12:45;4;10,4375;-200;-200;0;206;0;
93;2022.02.18 13:00;4;11;-200;-200;0;206;0;
94;2022.02.18 13:15;4;11,875;-200;-200;0;206;0;
95;2022.02.18 13:30;4;11,125;-200;-200;0;206;0;
96;2022.02.18 13:45;4;10,75;-200;-200;0;206;0;
97;2022.02.18 14:00;4;10,5;-200;-200;0;206;0;
98;2022.02.18 14:15;4;10,125;-200;-200;0;206;0;
99;2022.02.18 14:30;4;9,8125;-200;-200;0;206;0;
100;2022.02.18 14:45;4;9,5;-200;-200;0;206;0;
101;2022.02.18 15:00;4;9,125;-200;-200;0;206;0;
102;2022.02.18 15:15;4;8,8125;-200;-200;0;206;0;
103;2022.02.18 15:30;4;8,5625;-200;-200;0;206;0;
104;2022.02.18 15:45;4;8,375;-200;-200;0;206;0;
105;2022.02.18 16:00;4;8,0625;-200;-200;0;206;0;
106;2022.02.18 16:15;4;7,9375;-200;-200;0;206;0;
107;2022.02.18 16:30;4;8;-200;-200;0;206;0;
108;2022.02.18 16:45;4;8,0625;-200;-200;0;206;0;
109;2022.02.18 17:00;4;8,25;-200;-200;0;206;0;
110;2022.02.18 17:15;4;8,625;-200;-200;0;206;0;
111;2022.02.18 17:30;4;9;-200;-200;0;206;0;
112;2022.02.18 17:45;4;9,25;-200;-200;0;206;0;
113;2022.02.18 18:00;4;10,375;-200;-200;0;206;0;
114;2022.02.18 18:15;4;10,5;-200;-200;0;206;0;
115;2022.02.18 18:30;4;10,75;-200;-200;0;206;0;
116;2022.02.18 18:45;4;10,875;-200;-200;0;206;0;
117;2022.02.18 19:00;4;11,125;-200;-200;0;206;0;
118;2022.02.18 19:15;4;11,25;-200;-200;0;206;0;
119;2022.02.18 19:30;4;11,375;-200;-200;0;206;0;
120;2022.02.18 19:45;4;11,5625;-200;-200;0;206;0;
121;2022.02.18 20:00;4;11,6875;-200;-200;0;206;0;
122;2022.02.18 20:15;4;11,875;-200;-200;0;206;0;
123;2022.02.18 20:30;4;11,9375;-200;-200;0;206;0;
124;2022.02.18 20:45;4;12;-200;-200;0;206;0;
125;2022.02.18 21:00;4;12,125;-200;-200;0;206;0;
126;2022.02.18 21:15;4;12,1875;-200;-200;0;206;0;
127;2022.02.18 21:30;4;12,25;-200;-200;0;206;0;
128;2022.02.18 21:45;4;12,375;-200;-200;0;206;0;
129;2022.02.18 22:00;4;12,375;-200;-200;0;206;0;
130;2022.02.18 22:15;4;12,5;-200;-200;0;206;0;
131;2022.02.18 22:30;4;12,5625;-200;-200;0;206;0;
132;2022.02.18 22:45;4;12,625;-200;-200;0;206;0;
133;2022.02.18 23:00;4;12,75;-200;-200;0;206;0;
134;2022.02.18 23:15;4;12,75;-200;-200;0;206;0;
135;2022.02.18 23:30;4;12,875;-200;-200;0;206;0;
136;2022.02.18 23:45;4;12,9375;-200;-200;0;206;0;
137;2022.02.19 00:00;4;13;-200;-200;0;206;0;
138;2022.02.19 00:15;4;13,125;-200;-200;0;206;0;
139;2022.02.19 00:30;4;13,1875;-200;-200;0;206;0;
140;2022.02.19 00:45;4;13,25;-200;-200;0;206;0;
141;2022.02.19 01:00;4;13,3125;-200;-200;0;206;0;
142;2022.02.19 01:15;4;13,25;-200;-200;0;206;0;
143;2022.02.19 01:30;4;13,125;-200;-200;0;206;0;
144;2022.02.19 01:45;4;13;-200;-200;0;206;0;
145;2022.02.19 02:00;4;13,0625;-200;-200;0;206;0;
146;2022.02.19 02:15;4;13;-200;-200;0;206;0;
147;2022.02.19 02:30;4;13;-200;-200;0;206;0;
148;2022.02.19 02:45;4;12,875;-200;-200;0;206;0;
149;2022.02.19 03:00;4;12,875;-200;-200;0;206;0;
150;2022.02.19 03:15;4;13;-200;-200;0;206;0;
151;2022.02.19 03:30;4;13,0625;-200;-200;0;206;0;
152;2022.02.19 03:45;4;13,125;-200;-200;0;206;0;
153;2022.02.19 04:00;4;13,25;-200;-200;0;206;0;
154;2022.02.19 04:15;4;13,375;-200;-200;0;206;0;
155;2022.02.19 04:30;4;13,4375;-200;-200;0;206;0;
156;2022.02.19 04:45;4;13,5625;-200;-200;0;206;0;
157;2022.02.19 05:00;4;13,6875;-200;-200;0;206;0;
158;2022.02.19 05:15;4;13,875;-200;-200;0;206;0;
159;2022.02.19 05:30;4;14;-200;-200;0;206;0;
160;2022.02.19 05:45;4;14,125;-200;-200;0;206;0;
161;2022.02.19 06:00;4;14,3125;-200;-200;0;206;0;
162;2022.02.19 06:15;4;14,5;-200;-200;0;206;0;
163;2022.02.19 06:30;4;14,625;-200;-200;0;206;0;
164;2022.02.19 06:45;4;14,75;-200;-200;0;206;0;
165;2022.02.19 07:00;4;14,9375;-200;-200;0;206;0;
166;2022.02.19 07:15;4;15,125;-200;-200;0;206;0;
167;2022.02.19 07:30;4;15,25;-200;-200;0;206;0;
168;2022.02.19 07:45;4;15,375;-200;-200;0;206;0;
169;2022.02.19 08:00;4;15,5625;-200;-200;0;206;0;
170;2022.02.19 08:15;4;15,6875;-200;-200;0;206;0;
171;2022.02.19 08:30;4;15,875;-200;-200;0;206;0;
172;2022.02.19 08:45;4;16;-200;-200;0;206;0;
173;2022.02.19 09:00;4;16,125;-200;-200;0;206;0;
174;2022.02.19 09:15;4;16,25;-200;-200;0;206;0;
175;2022.02.19 09:30;4;16,3125;-200;-200;0;206;0;
176;2022.02.19 09:45;4;16,4375;-200;-200;0;206;0;
177;2022.02.19 10:00;4;16,5;-200;-200;0;206;0;
178;2022.02.19 10:15;4;16,625;-200;-200;0;206;0;
179;2022.02.19 10:30;4;16,75;-200;-200;0;206;0;
180;2022.02.19 10:45;4;16,875;-200;-200;0;206;0;
181;2022.02.19 11:00;4;16,9375;-200;-200;0;206;0;
182;2022.02.19 11:15;4;16,9375;-200;-200;0;206;0;
183;2022.02.19 11:30;4;16,8125;-200;-200;0;206;0;
184;2022.02.19 11:45;4;16,5625;-200;-200;0;206;0;
185;2022.02.19 12:00;4;16,25;-200;-200;0;206;0;
186;2022.02.19 12:15;4;16;-200;-200;0;206;0;
187;2022.02.19 12:30;4;15,75;-200;-200;0;206;0;
188;2022.02.19 12:45;4;15,375;-200;-200;0;206;0;
189;2022.02.19 13:00;4;15,0625;-200;-200;0;206;0;
190;2022.02.19 13:15;4;14,75;-200;-200;0;206;0;
191;2022.02.19 13:30;4;14,4375;-200;-200;0;206;0;
192;2022.02.19 13:45;4;14,125;-200;-200;0;206;0;
193;2022.02.19 14:00;4;13,8125;-200;-200;0;206;0;
194;2022.02.19 14:15;4;13,5;-200;-200;0;206;0;
195;2022.02.19 14:30;4;13,25;-200;-200;0;206;0;
196;2022.02.19 14:45;4;13,0625;-200;-200;0;206;0;
197;2022.02.19 15:00;4;12,875;-200;-200;0;206;0;
198;2022.02.19 15:15;4;12,75;-200;-200;0;206;0;
199;2022.02.19 15:30;4;12,625;-200;-200;0;206;0;
200;2022.02.19 15:45;4;12,625;-200;-200;0;206;0;
201;2022.02.19 16:00;4;12,625;-200;-200;0;206;0;
202;2022.02.19 16:15;4;12,625;-200;-200;0;206;0;
203;2022.02.19 16:30;4;12,625;-200;-200;0;206;0;
204;2022.02.19 16:45;4;12,5625;-200;-200;0;206;0;
205;2022.02.19 17:00;4;12,5625;-200;-200;0;206;0;
206;2022.02.19 17:15;4;12,625;-200;-200;0;206;0;
207;2022.02.19 17:30;4;12,75;-200;-200;0;206;0;
208;2022.02.19 17:45;4;12,875;-200;-200;0;206;0;
209;2022.02.19 18:00;4;12,9375;-200;-200;0;206;0;
210;2022.02.19 18:15;4;13;-200;-200;0;206;0;
211;2022.02.19 18:30;4;13,0625;-200;-200;0;206;0;
212;2022.02.19 18:45;4;13,125;-200;-200;0;206;0;
213;2022.02.19 19:00;4;13,125;-200;-200;0;206;0;
214;2022.02.19 19:15;4;13,125;-200;-200;0;206;0;
215;2022.02.19 19:30;4;13,1875;-200;-200;0;206;0;
216;2022.02.19 19:45;4;13,1875;-200;-200;0;206;0;
217;2022.02.19 20:00;4;13,125;-200;-200;0;206;0;
218;2022.02.19 20:15;4;13,1875;-200;-200;0;206;0;
219;2022.02.19 20:30;4;13,25;-200;-200;0;206;0;
220;2022.02.19 20:45;4;13,375;-200;-200;0;206;0;
221;2022.02.19 21:00;4;13,3125;-200;-200;0;206;0;
222;2022.02.19 21:15;4;13,125;-200;-200;0;206;0;
223;2022.02.19 21:30;4;13;-200;-200;0;206;0;
224;2022.02.19 21:45;4;12,875;-200;-200;0;206;0;
225;2022.02.19 22:00;4;12,75;-200;-200;0;206;0;
226;2022.02.19 22:15;4;12,75;-200;-200;0;206;0;
227;2022.02.19 22:30;4;12,75;-200;-200;0;206;0;
228;2022.02.19 22:45;4;12,75;-200;-200;0;206;0;
229;2022.02.19 23:00;4;12,75;-200;-200;0;206;0;
230;2022.02.19 23:15;4;12,8125;-200;-200;0;206;0;
231;2022.02.19 23:30;4;12,8125;-200;-200;0;206;0;
232;2022.02.19 23:45;4;12,875;-200;-200;0;206;0;
233;2022.02.20 00:00;4;12,875;-200;-200;0;206;0;
234;2022.02.20 00:15;4;13;-200;-200;0;206;0;
235;2022.02.20 00:30;4;13;-200;-200;0;206;0;
236;2022.02.20 00:45;4;13,125;-200;-200;0;206;0;
237;2022.02.20 01:00;4;13,125;-200;-200;0;206;0;
238;2022.02.20 01:15;4;13,25;-200;-200;0;206;0;
239;2022.02.20 01:30;4;13,25;-200;-200;0;206;0;
240;2022.02.20 01:45;4;13,3125;-200;-200;0;206;0;
241;2022.02.20 02:00;4;13,375;-200;-200;0;206;0;
242;2022.02.20 02:15;4;13,375;-200;-200;0;206;0;
243;2022.02.20 02:30;4;13,375;-200;-200;0;206;0;
244;2022.02.20 02:45;4;13,4375;-200;-200;0;206;0;
245;2022.02.20 03:00;4;13,5;-200;-200;0;206;0;
246;2022.02.20 03:15;4;13,5;-200;-200;0;206;0;
247;2022.02.20 03:30;4;13,5;-200;-200;0;206;0;
248;2022.02.20 03:45;4;13,5625;-200;-200;0;206;0;
249;2022.02.20 04:00;4;13,5625;-200;-200;0;206;0;
250;2022.02.20 04:15;4;13,625;-200;-200;0;206;0;
251;2022.02.20 04:30;4;13,6875;-200;-200;0;206;0;
252;2022.02.20 04:45;4;13,75;-200;-200;0;206;0;
253;2022.02.20 05:00;4;13,875;-200;-200;0;206;0;
254;2022.02.20 05:15;4;14;-200;-200;0;206;0;
255;2022.02.20 05:30;4;14,125;-200;-200;0;206;0;
256;2022.02.20 05:45;4;14,25;-200;-200;0;206;0;
257;2022.02.20 06:00;4;14,375;-200;-200;0;206;0;
258;2022.02.20 06:15;4;14,5;-200;-200;0;206;0;
259;2022.02.20 06:30;4;14,625;-200;-200;0;206;0;
260;2022.02.20 06:45;4;14,75;-200;-200;0;206;0;
261;2022.02.20 07:00;4;14,875;-200;-200;0;206;0;
262;2022.02.20 07:15;4;15;-200;-200;0;206;0;
263;2022.02.20 07:30;4;15,0625;-200;-200;0;206;0;
264;2022.02.20 07:45;4;15,125;-200;-200;0;206;0;
265;2022.02.20 08:00;4;15,25;-200;-200;0;206;0;
266;2022.02.20 08:15;4;15,375;-200;-200;0;206;0;
267;2022.02.20 08:30;4;15,5;-200;-200;0;206;0;
268;2022.02.20 08:45;4;15,5625;-200;-200;0;206;0;
269;2022.02.20 09:00;4;15,625;-200;-200;0;206;0;
270;2022.02.20 09:15;4;15,75;-200;-200;0;206;0;
271;2022.02.20 09:30;4;15,8125;-200;-200;0;206;0;
272;2022.02.20 09:45;4;15,875;-200;-200;0;206;0;
273;2022.02.20 10:00;4;16;-200;-200;0;206;0;
274;2022.02.20 10:15;4;16,0625;-200;-200;0;206;0;
275;2022.02.20 10:30;4;16,125;-200;-200;0;206;0;
276;2022.02.20 10:45;4;16,1875;-200;-200;0;206;0;
277;2022.02.20 11:00;4;16,25;-200;-200;0;206;0;
278;2022.02.20 11:15;4;16,3125;-200;-200;0;206;0;
279;2022.02.20 11:30;4;16,375;-200;-200;0;206;0;
280;2022.02.20 11:45;4;16,4375;-200;-200;0;206;0;
281;2022.02.20 12:00;4;16,5;-200;-200;0;206;0;
282;2022.02.20 12:15;4;16,5625;-200;-200;0;206;0;
283;2022.02.20 12:30;4;16,625;-200;-200;0;206;0;
284;2022.02.20 12:45;4;16,625;-200;-200;0;206;0;
285;2022.02.20 13:00;4;16,75;-200;-200;0;206;0;
286;2022.02.20 13:15;4;16,75;-200;-200;0;206;0;
287;2022.02.20 13:30;4;16,8125;-200;-200;0;206;0;
288;2022.02.20 13:45;4;16,875;-200;-200;0;206;0;
289;2022.02.20 14:00;4;16,875;-200;-200;0;206;0;
290;2022.02.20 14:15;4;17;-200;-200;0;206;0;
291;2022.02.20 14:30;4;17;-200;-200;0;206;0;
292;2022.02.20 14:45;4;17,0625;-200;-200;0;206;0;
293;2022.02.20 15:00;4;17,125;-200;-200;0;206;0;
294;2022.02.20 15:15;4;17,125;-200;-200;0;206;0;
295;2022.02.20 15:30;4;17,25;-200;-200;0;206;0;
296;2022.02.20 15:45;4;17,25;-200;-200;0;206;0;
297;2022.02.20 16:00;4;17,3125;-200;-200;0;206;0;
298;2022.02.20 16:15;4;17,375;-200;-200;0;206;0;
299;2022.02.20 16:30;4;17,4375;-200;-200;0;206;0;
300;2022.02.20 16:45;4;17,5;-200;-200;0;206;0;
301;2022.02.20 17:00;4;17,5;-200;-200;0;206;0;
302;2022.02.20 17:15;4;17,625;-200;-200;0;206;0;
303;2022.02.20 17:30;4;17,625;-200;-200;0;206;0;
304;2022.02.20 17:45;4;17,75;-200;-200;0;206;0;
305;2022.02.20 18:00;4;17,75;-200;-200;0;206;0;
306;2022.02.20 18:15;4;17,8125;-200;-200;0;206;0;
307;2022.02.20 18:30;4;17,875;-200;-200;0;206;0;
308;2022.02.20 18:45;4;17,9375;-200;-200;0;206;0;
309;2022.02.20 19:00;4;18;-200;-200;0;206;0;
310;2022.02.20 19:15;4;18,0625;-200;-200;0;206;0;
311;2022.02.20 19:30;4;18,125;-200;-200;0;206;0;
312;2022.02.20 19:45;4;18,125;-200;-200;0;206;0;
313;2022.02.20 20:00;4;18,25;-200;-200;0;206;0;
314;2022.02.20 20:15;4;18,25;-200;-200;0;206;0;
315;2022.02.20 20:30;4;18,375;-200;-200;0;206;0;
316;2022.02.20 20:45;4;18,4375;-200;-200;0;206;0;
317;2022.02.20 21:00;4;18,5;-200;-200;0;206;0;
318;2022.02.20 21:15;4;18,5;-200;-200;0;206;0;
319;2022.02.20 21:30;4;18,625;-200;-200;0;206;0;
320;2022.02.20 21:45;4;18,6875;-200;-200;0;206;0;
321;2022.02.20 22:00;4;18,75;-200;-200;0;206;0;
322;2022.02.20 22:15;4;18,75;-200;-200;0;206;0;
323;2022.02.20 22:30;4;18,75;-200;-200;0;206;0;
324;2022.02.20 22:45;4;18,8125;-200;-200;0;206;0;
325;2022.02.20 23:00;4;18,875;-200;-200;0;206;0;
326;2022.02.20 23:15;4;18,875;-200;-200;0;206;0;
327;2022.02.20 23:30;4;19;-200;-200;0;206;0;
328;2022.02.20 23:45;4;19;-200;-200;0;206;0;
329;2022.02.21 00:00;4;19,125;-200;-200;0;206;0;
330;2022.02.21 00:15;4;19,125;-200;-200;0;206;0;
331;2022.02.21 00:30;4;19,1875;-200;-200;0;206;0;
332;2022.02.21 00:45;4;19,25;-200;-200;0;206;0;
333;2022.02.21 01:00;4;19,3125;-200;-200;0;206;0;
334;2022.02.21 01:15;4;19,375;-200;-200;0;206;0;
335;2022.02.21 01:30;4;19,375;-200;-200;0;206;0;
336;2022.02.21 01:45;4;19,4375;-200;-200;0;206;0;
337;2022.02.21 02:00;4;19,5;-200;-200;0;206;0;
338;2022.02.21 02:15;4;19,5;-200;-200;0;206;0;
339;2022.02.21 02:30;4;19,5625;-200;-200;0;206;0;
340;2022.02.21 02:45;4;19,625;-200;-200;0;206;0;
341;2022.02.21 03:00;4;19,625;-200;-200;0;206;0;
342;2022.02.21 03:15;4;19,625;-200;-200;0;206;0;
343;2022.02.21 03:30;4;19,625;-200;-200;0;206;0;
344;2022.02.21 03:45;4;19,6875;-200;-200;0;206;0;
345;2022.02.21 04:00;4;19,75;-200;-200;0;206;0;
346;2022.02.21 04:15;4;19,75;-200;-200;0;206;0;
347;2022.02.21 04:30;4;19,75;-200;-200;0;206;0;
348;2022.02.21 04:45;4;19,8125;-200;-200;0;206;0;
349;2022.02.21 05:00;4;19,875;-200;-200;0;206;0;
350;2022.02.21 05:15;4;19,875;-200;-200;0;206;0;
351;2022.02.21 05:30;4;19,875;-200;-200;0;206;0;
352;2022.02.21 05:45;4;19,875;-200;-200;0;206;0;
353;2022.02.21 06:00;4;19,9375;-200;-200;0;206;0;
354;2022.02.21 06:15;4;19,9375;-200;-200;0;206;0;
355;2022.02.21 06:30;4;20;-200;-200;0;206;0;
356;2022.02.21 06:45;4;20;-200;-200;0;206;0;
357;2022.02.21 07:00;4;20;-200;-200;0;206;0;
358;2022.02.21 07:15;4;20;-200;-200;0;206;0;
359;2022.02.21 07:30;4;20,0625;-200;-200;0;206;0;
360;2022.02.21 07:45;4;20,0625;-200;-200;0;206;0;
361;2022.02.21 08:00;4;20,125;-200;-200;0;206;0;
362;2022.02.21 08:15;4;20,125;-200;-200;0;206;0;
363;2022.02.21 08:30;4;20,125;-200;-200;0;206;0;
364;2022.02.21 08:45;4;20,1875;-200;-200;0;206;0;
365;2022.02.21 09:00;4;20,25;-200;-200;0;206;0;
366;2022.02.21 09:15;4;20,25;-200;-200;0;206;0;
367;2022.02.21 09:30;4;20,25;-200;-200;0;206;0;
368;2022.02.21 09:45;4;20,25;-200;-200;0;206;0;
369;2022.02.21 10:00;4;20,125;-200;-200;0;206;0;
370;2022.02.21 10:15;4;19,9375;-200;-200;0;206;0;
371;2022.02.21 10:30;4;19,75;-200;-200;0;206;0;
372;2022.02.21 10:45;4;19,625;-200;-200;0;206;0;
373;2022.02.21 11:00;4;19,375;-200;-200;0;206;0;
374;2022.02.21 11:15;4;19,125;-200;-200;0;206;0;
375;2022.02.21 11:30;4;20,375;-200;-200;0;206;0;
376;2022.02.21 11:45;4;20,75;-200;-200;0;206;0;
377;2022.02.21 12:00;4;21;-200;-200;0;206;0;
378;2022.02.21 12:15;4;21,25;-200;-200;0;206;0;
379;2022.02.21 12:30;4;21,375;-200;-200;0;206;0;
380;2022.02.21 12:45;4;21,3125;-200;-200;0;206;0;
381;2022.02.21 13:00;4;21,1875;-200;-200;0;206;0;
382;2022.02.21 13:15;4;21,125;-200;-200;0;206;0;
383;2022.02.21 13:30;4;21;-200;-200;0;206;0;
384;2022.02.21 13:45;4;20,5;-200;-200;0;206;0;
385;2022.02.21 14:00;4;19,625;-200;-200;0;206;0;
386;2022.02.21 14:15;4;18,6875;-200;-200;0;206;0;
387;2022.02.21 14:30;4;17,75;-200;-200;0;206;0;
388;2022.02.21 14:45;4;17;-200;-200;0;206;0;
389;2022.02.21 15:00;4;16,5;-200;-200;0;206;0;
390;2022.02.21 15:15;4;16,125;-200;-200;0;206;0;
391;2022.02.21 15:30;4;15,8125;-200;-200;0;206;0;
392;2022.02.21 15:45;4;15,625;-200;-200;0;206;0;
393;2022.02.21 16:00;4;15,6875;-200;-200;0;206;0;
394;2022.02.21 16:15;4;16,125;-200;-200;0;206;0;
395;2022.02.21 16:30;4;16,6875;-200;-200;0;206;0;
396;2022.02.21 16:45;4;18,4375;-200;-200;0;206;0;
397;2022.02.21 17:00;4;19,375;-200;-200;0;206;0;
398;2022.02.21 17:15;4;19,75;-200;-200;0;206;0;
399;2022.02.21 17:30;4;20;-200;-200;0;206;0;
400;2022.02.21 17:45;4;20,125;-200;-200;0;206;0;
401;2022.02.21 18:00;4;20,4375;-200;-200;0;206;0;
402;2022.02.21 18:15;4;20,625;-200;-200;0;206;0;
403;2022.02.21 18:30;4;20,75;-200;-200;0;206;0;
404;2022.02.21 18:45;4;20,875;-200;-200;0;206;0;
405;2022.02.21 19:00;4;21;-200;-200;0;206;0;
406;2022.02.21 19:15;4;21,125;-200;-200;0;206;0;
407;2022.02.21 19:30;4;21,125;-200;-200;0;206;0;
408;2022.02.21 19:45;4;21,25;-200;-200;0;206;0;
409;2022.02.21 20:00;4;21,375;-200;-200;0;206;0;
410;2022.02.21 20:15;4;21,4375;-200;-200;0;206;0;
411;2022.02.21 20:30;4;21,5;-200;-200;0;206;0;
412;2022.02.21 20:45;4;21,625;-200;-200;0;206;0;
413;2022.02.21 21:00;4;21,625;-200;-200;0;206;0;
414;2022.02.21 21:15;4;21,75;-200;-200;0;206;0;
415;2022.02.21 21:30;4;21,75;-200;-200;0;206;0;
416;2022.02.21 21:45;4;21,8125;-200;-200;0;206;0;
417;2022.02.21 22:00;4;21,875;-200;-200;0;206;0;
418;2022.02.21 22:15;4;21,875;-200;-200;0;206;0;
419;2022.02.21 22:30;4;22;-200;-200;0;206;0;
420;2022.02.21 22:45;4;22,0625;-200;-200;0;206;0;
421;2022.02.21 23:00;4;22,125;-200;-200;0;206;0;
422;2022.02.21 23:15;4;22,125;-200;-200;0;206;0;
423;2022.02.21 23:30;4;22,1875;-200;-200;0;206;0;
424;2022.02.21 23:45;4;22,1875;-200;-200;0;206;0;
425;2022.02.22 00:00;4;22,25;-200;-200;0;206;0;
426;2022.02.22 00:15;4;22,25;-200;-200;0;206;0;
427;2022.02.22 00:30;4;22,25;-200;-200;0;206;0;
428;2022.02.22 00:45;4;22,25;-200;-200;0;206;0;
429;2022.02.22 01:00;4;22,25;-200;-200;0;206;0;
430;2022.02.22 01:15;4;22,25;-200;-200;0;206;0;
431;2022.02.22 01:30;4;22,25;-200;-200;0;206;0;
432;2022.02.22 01:45;4;22,1875;-200;-200;0;206;0;
433;2022.02.22 02:00;4;22,125;-200;-200;0;206;0;
434;2022.02.22 02:15;4;22,125;-200;-200;0;206;0;
435;2022.02.22 02:30;4;22,125;-200;-200;0;206;0;
436;2022.02.22 02:45;4;22,0625;-200;-200;0;206;0;
437;2022.02.22 03:00;4;22;-200;-200;0;206;0;
438;2022.02.22 03:15;4;22;-200;-200;0;206;0;
439;2022.02.22 03:30;4;21,875;-200;-200;0;206;0;
440;2022.02.22 03:45;4;21,8125;-200;-200;0;206;0;
441;2022.02.22 04:00;4;21,75;-200;-200;0;206;0;
442;2022.02.22 04:15;4;21,625;-200;-200;0;206;0;
443;2022.02.22 04:30;4;21,5;-200;-200;0;206;0;
444;2022.02.22 04:45;4;21,4375;-200;-200;0;206;0;
445;2022.02.22 05:00;4;21,375;-200;-200;0;206;0;
446;2022.02.22 05:15;4;21,25;-200;-200;0;206;0;
447;2022.02.22 05:30;4;21,1875;-200;-200;0;206;0;
448;2022.02.22 05:45;4;21,125;-200;-200;0;206;0;
449;2022.02.22 06:00;4;21;-200;-200;0;206;0;
450;2022.02.22 06:15;4;21;-200;-200;0;206;0;
451;2022.02.22 06:30;4;20,875;-200;-200;0;206;0;
452;2022.02.22 06:45;4;20,875;-200;-200;0;206;0;
453;2022.02.22 07:00;4;20,8125;-200;-200;0;206;0;
454;2022.02.22 07:15;4;20,75;-200;-200;0;206;0;
455;2022.02.22 07:30;4;20,75;-200;-200;0;206;0;
456;2022.02.22 07:45;4;20,75;-200;-200;0;206;0;
457;2022.02.22 08:00;4;20,625;-200;-200;0;206;0;
458;2022.02.22 08:15;4;20,625;-200;-200;0;206;0;
459;2022.02.22 08:30;4;20,625;-200;-200;0;206;0;
460;2022.02.22 08:45;4;20,625;-200;-200;0;206;0;
461;2022.02.22 09:00;4;20,625;-200;-200;0;206;0;
462;2022.02.22 09:15;4;20,5;-200;-200;0;206;0;
463;2022.02.22 09:30;4;20,5;-200;-200;0;206;0;
464;2022.02.22 09:45;4;20,5;-200;-200;0;206;0;
465;2022.02.22 10:00;4;20,5;-200;-200;0;206;0;
466;2022.02.22 10:15;4;20,5;-200;-200;0;206;0;
467;2022.02.22 10:30;4;20,5;-200;-200;0;206;0;
468;2022.02.22 10:45;4;20,5;-200;-200;0;206;0;
469;2022.02.22 11:00;4;20,5;-200;-200;0;206;0;
470;2022.02.22 11:15;4;20,5;-200;-200;0;206;0;
471;2022.02.22 11:30;4;20,5;-200;-200;0;206;0;
472;2022.02.22 11:45;4;20,5;-200;-200;0;206;0;
473;2022.02.22 12:00;4;20,5;-200;-200;0;206;0;
474;2022.02.22 12:15;4;20,5;-200;-200;0;206;0;
475;2022.02.22 12:30;4;20,375;-200;-200;0;206;0;
476;2022.02.22 12:45;4;20,5;-200;-200;0;206;0;
477;2022.02.22 13:00;4;20,5;-200;-200;0;206;0;
478;2022.02.22 13:15;4;20,625;-200;-200;0;206;0;
479;2022.02.22 13:30;4;20,75;-200;-200;0;206;0;
480;2022.02.22 13:45;4;20,875;-200;-200;0;206;0;
481;2022.02.22 14:00;4;20,875;-200;-200;0;206;0;
482;2022.02.22 14:15;4;21;-200;-200;0;206;0;
483;2022.02.22 14:30;4;21,0625;-200;-200;0;206;0;
484;2022.02.22 14:45;4;21,125;-200;-200;0;206;0;
485;2022.02.22 15:00;4;21,1875;-200;-200;0;206;0;
486;2022.02.22 15:15;4;21,25;-200;-200;0;206;0;
487;2022.02.22 15:30;4;21,3125;-200;-200;0;206;0;
488;2022.02.22 15:45;4;21,375;-200;-200;0;206;0;
489;2022.02.22 16:00;4;21,375;-200;-200;0;206;0;
490;2022.02.22 16:15;4;21,5;-200;-200;0;206;0;
491;2022.02.22 16:30;4;21,5;-200;-200;0;206;0;
492;2022.02.22 16:45;4;21,5625;-200;-200;0;206;0;
493;2022.02.22 17:00;4;21,625;-200;-200;0;206;0;
494;2022.02.22 17:15;4;21,625;-200;-200;0;206;0;
495;2022.02.22 17:30;4;21,6875;-200;-200;0;206;0;
496;2022.02.22 17:45;4;21,75;-200;-200;0;206;0;
497;2022.02.22 18:00;4;21,8125;-200;-200;0;206;0;
498;2022.02.22 18:15;4;21,875;-200;-200;0;206;0;
499;2022.02.22 18:30;4;21,9375;-200;-200;0;206;0;
500;2022.02.22 18:45;4;22;-200;-200;0;206;0;
501;2022.02.22 19:00;4;22,0625;-200;-200;0;206;0;
502;2022.02.22 19:15;4;22,125;-200;-200;0;206;0;
503;2022.02.22 19:30;4;22,125;-200;-200;0;206;0;
504;2022.02.22 19:45;4;22,125;-200;-200;0;206;0;
505;2022.02.22 20:00;4;22,125;-200;-200;0;206;0;
506;2022.02.22 20:15;4;22,125;-200;-200;0;206;0;
507;2022.02.22 20:30;4;22,125;-200;-200;0;206;0;
508;2022.02.22 20:45;4;22,125;-200;-200;0;206;0;
509;2022.02.22 21:00;4;22,125;-200;-200;0;206;0;
510;2022.02.22 21:15;4;22,125;-200;-200;0;206;0;
511;2022.02.22 21:30;4;22,125;-200;-200;0;206;0;
512;2022.02.22 21:45;4;22,125;-200;-200;0;206;0;
513;2022.02.22 22:00;4;22,125;-200;-200;0;206;0;
514;2022.02.22 22:15;4;22,125;-200;-200;0;206;0;
515;2022.02.22 22:30;4;22,125;-200;-200;0;206;0;
516;2022.02.22 22:45;4;22,125;-200;-200;0;206;0;
517;2022.02.22 23:00;4;22,125;-200;-200;0;206;0;
518;2022.02.22 23:15;4;22,1875;-200;-200;0;206;0;
519;2022.02.22 23:30;4;22,25;-200;-200;0;206;0;
520;2022.02.22 23:45;4;22,25;-200;-200;0;206;0;
521;2022.02.23 00:00;4;22,25;-200;-200;0;206;0;
522;2022.02.23 00:15;4;22,3125;-200;-200;0;206;0;
523;2022.02.23 00:30;4;22,375;-200;-200;0;206;0;
524;2022.02.23 00:45;4;22,375;-200;-200;0;206;0;
525;2022.02.23 01:00;4;22,5625;-200;-200;0;206;0;
526;2022.02.23 01:15;4;22,625;-200;-200;0;206;0;
527;2022.02.23 01:30;4;22,625;-200;-200;0;206;0;
528;2022.02.23 01:45;4;22,625;-200;-200;0;206;0;
529;2022.02.23 02:00;4;22,6875;-200;-200;0;206;0;
530;2022.02.23 02:15;4;22,75;-200;-200;0;206;0;
531;2022.02.23 02:30;4;22,75;-200;-200;0;206;0;
532;2022.02.23 02:45;4;22,8125;-200;-200;0;206;0;
533;2022.02.23 03:00;4;22,8125;-200;-200;0;206;0;
534;2022.02.23 03:15;4;22,875;-200;-200;0;206;0;
535;2022.02.23 03:30;4;22,875;-200;-200;0;206;0;
536;2022.02.23 03:45;4;22,875;-200;-200;0;206;0;
537;2022.02.23 04:00;4;22,9375;-200;-200;0;206;0;
538;2022.02.23 04:15;4;22,9375;-200;-200;0;206;0;
539;2022.02.23 04:30;4;22,9375;-200;-200;0;206;0;
540;2022.02.23 04:45;4;22,9375;-200;-200;0;206;0;
541;2022.02.23 05:00;4;22,9375;-200;-200;0;206;0;
542;2022.02.23 05:15;4;22,9375;-200;-200;0;206;0;
543;2022.02.23 05:30;4;22,875;-200;-200;1;206;0;
544;2022.02.23 05:45;4;22,875;-200;-200;0;206;0;
545;2022.02.23 06:00;4;22,875;-200;-200;0;206;0;
546;2022.02.23 06:15;4;22,875;-200;-200;0;206;0;
547;2022.02.23 06:30;4;22,875;-200;-200;0;206;0;
548;2022.02.23 06:45;4;22,875;-200;-200;0;206;0;
549;2022.02.23 07:00;4;22,875;-200;-200;0;206;0;
550;2022.02.23 07:15;4;22,875;-200;-200;0;206;0;
551;2022.02.23 07:30;4;22,875;-200;-200;0;206;0;
552;2022.02.23 07:45;4;22,875;-200;-200;0;206;0;
553;2022.02.23 08:00;4;22,875;-200;-200;0;206;0;
554;2022.02.23 08:15;4;22,8125;-200;-200;0;206;0;
555;2022.02.23 08:30;4;22,75;-200;-200;0;206;0;
556;2022.02.23 08:45;4;22,75;-200;-200;0;206;0;
557;2022.02.23 09:00;4;22,75;-200;-200;0;206;0;
558;2022.02.23 09:15;4;22,75;-200;-200;0;206;0;
559;2022.02.23 09:30;4;22,6875;-200;-200;0;206;0;
560;2022.02.23 09:45;4;22,625;-200;-200;0;206;0;
561;2022.02.23 10:00;4;22,625;-200;-200;0;206;0;
562;2022.02.23 10:15;4;22,5625;-200;-200;0;206;0;
563;2022.02.23 10:30;4;22,5;-200;-200;1;206;0;
564;2022.02.23 10:45;4;22,5;-200;-200;0;206;0;
565;2022.02.23 11:00;4;22,5;-200;-200;0;206;0;
566;2022.02.23 11:15;4;22,4375;-200;-200;0;206;0;
567;2022.02.23 11:30;4;22,375;-200;-200;0;206;0;
568;2022.02.23 11:45;4;22,375;-200;-200;0;206;0;
569;2022.02.23 12:00;4;22,375;-200;-200;0;206;0;
570;2022.02.23 12:15;4;22,3125;-200;-200;0;206;0;
571;2022.02.23 12:30;4;22,25;-200;-200;0;206;0;
572;2022.02.23 12:45;4;22,25;-200;-200;0;206;0;
573;2022.02.23 13:00;4;22,25;-200;-200;0;206;0;
574;2022.02.23 13:15;4;22,1875;-200;-200;0;206;0;
575;2022.02.23 13:30;4;22,125;-200;-200;0;206;0;
576;2022.02.23 13:45;4;22,125;-200;-200;0;206;0;
577;2022.02.23 14:00;4;22,125;-200;-200;0;206;0;
578;2022.02.23 14:15;4;22,125;-200;-200;0;206;0;
579;2022.02.23 14:30;4;22,125;-200;-200;0;206;0;
580;2022.02.23 14:45;4;22,125;-200;-200;0;206;0;
581;2022.02.23 15:00;4;22,125;-200;-200;0;206;0;
582;2022.02.23 15:15;4;22,125;-200;-200;0;206;0;
583;2022.02.23 15:30;4;22,125;-200;-200;0;206;0;
584;2022.02.23 15:45;4;22,125;-200;-200;0;206;0;
585;2022.02.23 16:00;4;22,125;-200;-200;0;206;0;
586;2022.02.23 16:15;4;22,1875;-200;-200;0;206;0;
587;2022.02.23 16:30;4;22,1875;-200;-200;0;206;0;
588;2022.02.23 16:45;4;22,25;-200;-200;0;206;0;
589;2022.02.23 17:00;4;22,25;-200;-200;0;206;0;
590;2022.02.23 17:15;4;22,25;-200;-200;0;206;0;
591;2022.02.23 17:30;4;22,3125;-200;-200;0;206;0;
592;2022.02.23 17:45;4;22,375;-200;-200;0;206;0;
593;2022.02.23 18:00;4;22,375;-200;-200;0;206;0;
594;2022.02.23 18:15;4;22,4375;-200;-200;0;206;0;
595;2022.02.23 18:30;4;22,5;-200;-200;0;206;0;
596;2022.02.23 18:45;4;22,5;-200;-200;0;206;0;
597;2022.02.23 19:00;4;22,5;-200;-200;0;206;0;
598;2022.02.23 19:15;4;22,5625;-200;-200;0;206;0;
599;2022.02.23 19:30;4;22,625;-200;-200;0;206;0;
600;2022.02.23 19:45;4;22,625;-200;-200;0;206;0;
601;2022.02.23 20:00;4;22,625;-200;-200;0;206;0;
602;2022.02.23 20:15;4;22,6875;-200;-200;0;206;0;
603;2022.02.23 20:30;4;22,6875;-200;-200;0;206;0;
604;2022.02.23 20:45;4;22,75;-200;-200;0;206;0;
605;2022.02.23 21:00;4;22,75;-200;-200;0;206;0;
606;2022.02.23 21:15;4;22,8125;-200;-200;0;206;0;
607;2022.02.23 21:30;4;22,875;-200;-200;0;206;0;
608;2022.02.23 21:45;4;22,875;-200;-200;0;206;0;
609;2022.02.23 22:00;4;22,9375;-200;-200;0;206;0;
610;2022.02.23 22:15;4;23;-200;-200;0;206;0;
611;2022.02.23 22:30;4;23;-200;-200;0;206;0;
612;2022.02.23 22:45;4;23;-200;-200;0;206;0;
613;2022.02.23 23:00;4;23;-200;-200;0;206;0;
614;2022.02.23 23:15;4;23;-200;-200;0;206;0;
615;2022.02.23 23:30;4;23;-200;-200;0;206;0;
616;2022.02.23 23:45;4;23;-200;-200;0;206;0;
617;2022.02.24 00:00;4;23;-200;-200;0;206;0;
618;2022.02.24 00:15;4;23,0625;-200;-200;0;206;0;
619;2022.02.24 00:30;4;23,125;-200;-200;0;206;0;
620;2022.02.24 00:45;4;23,125;-200;-200;0;206;0;
621;2022.02.24 01:00;4;23,125;-200;-200;0;206;0;
622;2022.02.24 01:15;4;23,0625;-200;-200;0;206;0;
623;2022.02.24 01:30;4;23,125;-200;-200;0;206;0;
624;2022.02.24 01:45;4;23,25;-200;-200;0;206;0;
625;2022.02.24 02:00;4;23,25;-200;-200;0;206;0;
626;2022.02.24 02:15;4;23,0625;-200;-200;0;206;0;
627;2022.02.24 02:30;4;23;-200;-200;0;206;0;
628;2022.02.24 02:45;4;22,875;-200;-200;0;206;0;
629;2022.02.24 03:00;4;22,75;-200;-200;0;206;0;
630;2022.02.24 03:15;4;22,625;-200;-200;0;206;0;
631;2022.02.24 03:30;4;22,5;-200;-200;0;206;0;
632;2022.02.24 03:45;4;22,375;-200;-200;0;206;0;
633;2022.02.24 04:00;4;22,25;-200;-200;0;206;0;
634;2022.02.24 04:15;4;22,125;-200;-200;0;206;0;
635;2022.02.24 04:30;4;22;-200;-200;0;206;0;
636;2022.02.24 04:45;4;21,875;-200;-200;0;206;0;
637;2022.02.24 05:00;4;21,6875;-200;-200;0;206;0;
638;2022.02.24 05:15;4;21,5;-200;-200;0;206;0;
639;2022.02.24 05:30;4;21,375;-200;-200;0;206;0;
640;2022.02.24 05:45;4;21,25;-200;-200;0;206;0;
641;2022.02.24 06:00;4;21;-200;-200;0;206;0;
642;2022.02.24 06:15;4;20,875;-200;-200;0;206;0;
643;2022.02.24 06:30;4;20,75;-200;-200;0;206;0;
644;2022.02.24 06:45;4;20,625;-200;-200;0;206;0;
645;2022.02.24 07:00;4;20,5;-200;-200;0;206;0;
646;2022.02.24 07:15;4;20,375;-200;-200;0;206;0;
647;2022.02.24 07:30;4;20,3125;-200;-200;0;206;0;
648;2022.02.24 07:45;4;20,25;-200;-200;0;206;0;
649;2022.02.24 08:00;4;20,125;-200;-200;0;206;0;
650;2022.02.24 08:15;4;20,125;-200;-200;0;206;0;
651;2022.02.24 08:30;4;20,125;-200;-200;0;206;0;
652;2022.02.24 08:45;4;20,0625;-200;-200;0;206;0;
653;2022.02.24 09:00;4;20;-200;-200;0;206;0;
654;2022.02.24 09:15;4;20;-200;-200;0;206;0;
655;2022.02.24 09:30;4;20;-200;-200;0;206;0;
656;2022.02.24 09:45;4;20;-200;-200;0;206;0;
657;2022.02.24 10:00;4;20;-200;-200;0;206;0;
658;2022.02.24 10:15;4;20;-200;-200;0;206;0;
659;2022.02.24 10:30;4;20;-200;-200;0;206;0;
660;2022.02.24 10:45;4;19,9375;-200;-200;0;206;0;
661;2022.02.24 11:00;4;20;-200;-200;0;206;0;
662;2022.02.24 11:15;4;19,9375;-200;-200;0;206;0;
663;2022.02.24 11:30;4;19,875;-200;-200;0;206;0;
664;2022.02.24 11:45;4;19,875;-200;-200;0;206;0;
665;2022.02.24 12:00;4;19,875;-200;-200;0;206;0;
666;2022.02.24 12:15;4;19,9375;-200;-200;0;206;0;
667;2022.02.24 12:30;4;20;-200;-200;0;206;0;
668;2022.02.24 12:45;4;20;-200;-200;0;206;0;
669;2022.02.24 13:00;4;20;-200;-200;0;206;0;
670;2022.02.24 13:15;4;20;-200;-200;0;206;0;
671;2022.02.24 13:30;4;20,0625;-200;-200;0;206;0;
672;2022.02.24 13:45;4;20,375;-200;-200;0;206;0;
673;2022.02.24 14:00;4;20,5625;-200;-200;0;206;0;
674;2022.02.24 14:15;4;20,75;-200;-200;0;206;0;
675;2022.02.24 14:30;4;20,875;-200;-200;0;206;0;
676;2022.02.24 14:45;4;21;-200;-200;0;206;0;
677;2022.02.24 15:00;4;21;-200;-200;0;206;0;
678;2022.02.24 15:15;4;21,125;-200;-200;0;206;0;
679;2022.02.24 15:30;4;21,125;-200;-200;0;206;0;
680;2022.02.24 15:45;4;21,25;-200;-200;0;206;0;
681;2022.02.24 16:00;4;21,25;-200;-200;0;206;0;
682;2022.02.24 16:15;4;21,25;-200;-200;0;206;0;
683;2022.02.24 16:30;4;21,25;-200;-200;0;206;0;
684;2022.02.24 16:45;4;21,25;-200;-200;0;206;0;
685;2022.02.24 17:00;4;21,3125;-200;-200;0;206;0;
686;2022.02.24 17:15;4;21,375;-200;-200;0;206;0;
687;2022.02.24 17:30;4;21,4375;-200;-200;0;206;0;
688;2022.02.24 17:45;4;21,4375;-200;-200;0;206;0;
689;2022.02.24 18:00;4;21,4375;-200;-200;0;206;0;
690;2022.02.24 18:15;4;21,375;-200;-200;0;206;0;
691;2022.02.24 18:30;4;21,375;-200;-200;0;206;0;
692;2022.02.24 18:45;4;21,3125;-200;-200;0;206;0;
693;2022.02.24 19:00;4;21,25;-200;-200;0;206;0;
694;2022.02.24 19:15;4;21,25;-200;-200;0;206;0;
695;2022.02.24 19:30;4;21,25;-200;-200;0;206;0;
696;2022.02.24 19:45;4;21,25;-200;-200;0;206;0;
697;2022.02.24 20:00;4;21,25;-200;-200;0;206;0;
698;2022.02.24 20:15;4;21,25;-200;-200;0;206;0;
699;2022.02.24 20:30;4;21,25;-200;-200;0;206;0;
700;2022.02.24 20:45;4;21,25;-200;-200;0;206;0;
701;2022.02.24 21:00;4;21,1875;-200;-200;0;206;0;
702;2022.02.24 21:15;4;21,1875;-200;-200;0;206;0;
703;2022.02.24 21:30;4;21,25;-200;-200;0;206;0;
704;2022.02.24 21:45;4;21,25;-200;-200;0;206;0;
705;2022.02.24 22:00;4;21,375;-200;-200;0;206;0;
706;2022.02.24 22:15;4;21,5;-200;-200;0;206;0;
707;2022.02.24 22:30;4;21,5625;-200;-200;0;206;0;
708;2022.02.24 22:45;4;21,625;-200;-200;0;206;0;
709;2022.02.24 23:00;4;21,625;-200;-200;0;206;0;
710;2022.02.24 23:15;4;21,75;-200;-200;0;206;0;
711;2022.02.24 23:30;4;21,875;-200;-200;0;206;0;
712;2022.02.24 23:45;4;21,875;-200;-200;0;206;0;
713;2022.02.25 00:00;4;21,875;-200;-200;0;206;0;
714;2022.02.25 00:15;4;21,9375;-200;-200;0;206;0;
715;2022.02.25 00:30;4;21,9375;-200;-200;0;206;0;
716;2022.02.25 00:45;4;21,875;-200;-200;0;206;0;
717;2022.02.25 01:00;4;21,875;-200;-200;0;206;0;
718;2022.02.25 01:15;4;21,875;-200;-200;0;206;0;
719;2022.02.25 01:30;4;21,75;-200;-200;0;206;0;
720;2022.02.25 01:45;4;21,75;-200;-200;0;206;0;
721;2022.02.25 02:00;4;21,6875;-200;-200;0;206;0;
722;2022.02.25 02:15;4;21,6875;-200;-200;0;206;0;
723;2022.02.25 02:30;4;21,6875;-200;-200;0;206;0;
724;2022.02.25 02:45;4;21,8125;-200;-200;0;206;0;
725;2022.02.25 03:00;4;21,75;-200;-200;0;206;0;
726;2022.02.25 03:15;4;21,75;-200;-200;0;206;0;
727;2022.02.25 03:30;4;21,8125;-200;-200;0;206;0;
728;2022.02.25 03:45;4;21,75;-200;-200;0;206;0;
729;2022.02.25 04:00;4;21,625;-200;-200;0;206;0;
730;2022.02.25 04:15;4;21,4375;-200;-200;0;206;0;
731;2022.02.25 04:30;4;21,3125;-200;-200;0;206;0;
732;2022.02.25 04:45;4;21,125;-200;-200;0;206;0;
733;2022.02.25 05:00;4;21;-200;-200;0;206;0;
734;2022.02.25 05:15;4;20,75;-200;-200;0;206;0;
735;2022.02.25 05:30;4;20,625;-200;-200;0;206;0;
736;2022.02.25 05:45;4;20,5;-200;-200;0;206;0;
737;2022.02.25 06:00;4;20,4375;-200;-200;0;206;0;
738;2022.02.25 06:15;4;20,375;-200;-200;0;206;0;
739;2022.02.25 06:30;4;20,25;-200;-200;0;206;0;
740;2022.02.25 06:45;4;20,25;-200;-200;0;206;0;
741;2022.02.25 07:00;4;20,125;-200;-200;0;206;0;
742;2022.02.25 07:15;4;20,125;-200;-200;0;206;0;
743;2022.02.25 07:30;4;20,0625;-200;-200;0;206;0;
744;2022.02.25 07:45;4;20,0625;-200;-200;0;206;0;
745;2022.02.25 08:00;4;20;-200;-200;0;206;0;
746;2022.02.25 08:15;4;20;-200;-200;0;206;0;
747;2022.02.25 08:30;4;20;-200;-200;0;206;0;
748;2022.02.25 08:45;4;20;-200;-200;0;206;0;
749;2022.02.25 09:00;4;20;-200;-200;0;206;0;
750;2022.02.25 09:15;4;20;-200;-200;0;206;0;
751;2022.02.25 09:30;4;19,9375;-200;-200;0;206;0;
752;2022.02.25 09:45;4;19,9375;-200;-200;0;206;0;
753;2022.02.25 10:00;4;19,875;-200;-200;0;206;0;
754;2022.02.25 10:15;4;19,875;-200;-200;0;206;0;
755;2022.02.25 10:30;4;19,875;-200;-200;0;206;0;
756;2022.02.25 10:45;4;19,875;-200;-200;0;206;0;
757;2022.02.25 11:00;4;19,875;-200;-200;0;206;0;
758;2022.02.25 11:15;4;19,875;-200;-200;0;206;0;
759;2022.02.25 11:30;4;19,875;-200;-200;0;206;0;
760;2022.02.25 11:45;4;19,875;-200;-200;0;206;0;
761;2022.02.25 12:00;4;19,875;-200;-200;0;206;0;
762;2022.02.25 12:15;4;20,125;-200;-200;0;206;0;
763;2022.02.25 12:30;4;20,25;-200;-200;0;206;0;
764;2022.02.25 12:45;4;20,4375;-200;-200;0;206;0;
765;2022.02.25 13:00;4;20,625;-200;-200;0;206;0;
766;2022.02.25 13:15;4;20,6875;-200;-200;0;206;0;
767;2022.02.25 13:30;4;20,75;-200;-200;0;206;0;
768;2022.02.25 13:45;4;20,75;-200;-200;0;206;0;
769;2022.02.25 14:00;4;20,875;-200;-200;0;206;0;
770;2022.02.25 14:15;4;21;-200;-200;0;206;0;
771;2022.02.25 14:30;4;21;-200;-200;0;206;0;
772;2022.02.25 14:45;4;21;-200;-200;0;206;0;
773;2022.02.25 15:00;4;21,125;-200;-200;0;206;0;
774;2022.02.25 15:15;4;21,125;-200;-200;0;206;0;
775;2022.02.25 15:30;4;21,125;-200;-200;0;206;0;
776;2022.02.25 15:45;4;21,125;-200;-200;0;206;0;
777;2022.02.25 16:00;4;21,1875;-200;-200;0;206;0;
778;2022.02.25 16:15;4;21,1875;-200;-200;0;206;0;
779;2022.02.25 16:30;4;21,25;-200;-200;0;206;0;
780;2022.02.25 16:45;4;21,25;-200;-200;0;206;0;
781;2022.02.25 17:00;4;21,25;-200;-200;0;206;0;
782;2022.02.25 17:15;4;21,3125;-200;-200;0;206;0;
783;2022.02.25 17:30;4;21,25;-200;-200;0;206;0;
784;2022.02.25 17:45;4;21,3125;-200;-200;0;206;0;
785;2022.02.25 18:00;4;21,375;-200;-200;0;206;0;
786;2022.02.25 18:15;4;21,375;-200;-200;0;206;0;
787;2022.02.25 18:30;4;21,375;-200;-200;0;206;0;
788;2022.02.25 18:45;4;21,375;-200;-200;0;206;0;
789;2022.02.25 19:00;4;21,375;-200;-200;0;206;0;
790;2022.02.25 19:15;4;21,4375;-200;-200;0;206;0;
791;2022.02.25 19:30;4;21,5;-200;-200;0;206;0;
792;2022.02.25 19:45;4;21,5;-200;-200;0;206;0;
793;2022.02.25 20:00;4;21,5625;-200;-200;0;206;0;
794;2022.02.25 20:15;4;21,625;-200;-200;0;206;0;
795;2022.02.25 20:30;4;21,625;-200;-200;0;206;0;
796;2022.02.25 20:45;4;21,6875;-200;-200;0;206;0;
797;2022.02.25 21:00;4;21,75;-200;-200;0;206;0;
798;2022.02.25 21:15;4;21,75;-200;-200;0;206;0;
799;2022.02.25 21:30;4;21,75;-200;-200;0;206;0;
800;2022.02.25 21:45;4;21,75;-200;-200;0;206;0;
801;2022.02.25 22:00;4;21,75;-200;-200;0;206;0;
802;2022.02.25 22:15;4;21,6875;-200;-200;0;206;0;
803;2022.02.25 22:30;4;21,625;-200;-200;0;206;0;
804;2022.02.25 22:45;4;21,625;-200;-200;0;206;0;
805;2022.02.25 23:00;4;21,625;-200;-200;0;206;0;
806;2022.02.25 23:15;4;21,5625;-200;-200;0;206;0;
807;2022.02.25 23:30;4;21,625;-200;-200;0;206;0;
808;2022.02.25 23:45;4;21,5;-200;-200;0;206;0;
809;2022.02.26 00:00;4;21,5;-200;-200;0;206;0;
810;2022.02.26 00:15;4;21,5625;-200;-200;0;206;0;
811;2022.02.26 00:30;4;21,5;-200;-200;0;206;0;
812;2022.02.26 00:45;4;21,5;-200;-200;0;206;0;
813;2022.02.26 01:00;4;21,5;-200;-200;0;206;0;
814;2022.02.26 01:15;4;21,5;-200;-200;0;206;0;
815;2022.02.26 01:30;4;21,5;-200;-200;0;206;0;
816;2022.02.26 01:45;4;21,5;-200;-200;0;206;0;
817;2022.02.26 02:00;4;21,5625;-200;-200;0;206;0;
818;2022.02.26 02:15;4;21,625;-200;-200;0;206;0;
819;2022.02.26 02:30;4;21,6875;-200;-200;0;206;0;
820;2022.02.26 02:45;4;21,75;-200;-200;0;206;0;
821;2022.02.26 03:00;4;21,75;-200;-200;0;206;0;
822;2022.02.26 03:15;4;21,6875;-200;-200;0;206;0;
823;2022.02.26 03:30;4;21,625;-200;-200;0;206;0;
824;2022.02.26 03:45;4;21,5625;-200;-200;0;206;0;
825;2022.02.26 04:00;4;21,375;-200;-200;0;206;0;
826;2022.02.26 04:15;4;21,25;-200;-200;0;206;0;
827;2022.02.26 04:30;4;21,0625;-200;-200;0;206;0;
828;2022.02.26 04:45;4;20,875;-200;-200;0;206;0;
829;2022.02.26 05:00;4;20,75;-200;-200;0;206;0;
830;2022.02.26 05:15;4;20,5625;-200;-200;0;206;0;
831;2022.02.26 05:30;4;20,375;-200;-200;0;206;0;
832;2022.02.26 05:45;4;20,25;-200;-200;0;206;0;
833;2022.02.26 06:00;4;20,1875;-200;-200;0;206;0;
834;2022.02.26 06:15;4;20,125;-200;-200;0;206;0;
835;2022.02.26 06:30;4;20;-200;-200;0;206;0;
836;2022.02.26 06:45;4;20;-200;-200;0;206;0;
837;2022.02.26 07:00;4;19,9375;-200;-200;0;206;0;
838;2022.02.26 07:15;4;19,875;-200;-200;0;206;0;
839;2022.02.26 07:30;4;19,875;-200;-200;0;206;0;
840;2022.02.26 07:45;4;19,875;-200;-200;0;206;0;
841;2022.02.26 08:00;4;19,875;-200;-200;0;206;0;
842;2022.02.26 08:15;4;19,875;-200;-200;0;206;0;
843;2022.02.26 08:30;4;19,8125;-200;-200;0;206;0;
844;2022.02.26 08:45;4;19,8125;-200;-200;0;206;0;
845;2022.02.26 09:00;4;19,75;-200;-200;0;206;0;
846;2022.02.26 09:15;4;19,75;-200;-200;0;206;0;
847;2022.02.26 09:30;4;19,75;-200;-200;0;206;0;
848;2022.02.26 09:45;4;19,75;-200;-200;0;206;0;
849;2022.02.26 10:00;4;19,75;-200;-200;0;206;0;
850;2022.02.26 10:15;4;19,75;-200;-200;0;206;0;
851;2022.02.26 10:30;4;19,6875;-200;-200;0;206;0;
852;2022.02.26 10:45;4;19,6875;-200;-200;0;206;0;
853;2022.02.26 11:00;4;19,6875;-200;-200;0;206;0;
854;2022.02.26 11:15;4;19,625;-200;-200;0;206;0;
855;2022.02.26 11:30;4;19,625;-200;-200;0;206;0;
856;2022.02.26 11:45;4;19,625;-200;-200;0;206;0;
857;2022.02.26 12:00;4;19,625;-200;-200;0;206;0;
858;2022.02.26 12:15;4;19,625;-200;-200;0;206;0;
859;2022.02.26 12:30;4;19,625;-200;-200;0;206;0;
860;2022.02.26 12:45;4;19,75;-200;-200;0;206;0;
861;2022.02.26 13:00;4;20;-200;-200;0;206;0;
862;2022.02.26 13:15;4;20,125;-200;-200;0;206;0;
863;2022.02.26 13:30;4;20,3125;-200;-200;0;206;0;
864;2022.02.26 13:45;4;20,375;-200;-200;0;206;0;
865;2022.02.26 14:00;4;20,5;-200;-200;0;206;0;
866;2022.02.26 14:15;4;20,625;-200;-200;0;206;0;
867;2022.02.26 14:30;4;20,6875;-200;-200;0;206;0;
868;2022.02.26 14:45;4;20,75;-200;-200;0;206;0;
869;2022.02.26 15:00;4;20,8125;-200;-200;0;206;0;
870;2022.02.26 15:15;4;20,875;-200;-200;0;206;0;
871;2022.02.26 15:30;4;21;-200;-200;0;206;0;
872;2022.02.26 15:45;4;21,125;-200;-200;0;206;0;
873;2022.02.26 16:00;4;21,125;-200;-200;0;206;0;
874;2022.02.26 16:15;4;21,125;-200;-200;0;206;0;
875;2022.02.26 16:30;4;21,1875;-200;-200;0;206;0;
876;2022.02.26 16:45;4;21,125;-200;-200;0;206;0;
877;2022.02.26 17:00;4;21,125;-200;-200;0;206;0;
878;2022.02.26 17:15;4;21,0625;-200;-200;0;206;0;
879;2022.02.26 17:30;4;21,0625;-200;-200;0;206;0;
880;2022.02.26 17:45;4;21,0625;-200;-200;0;206;0;
881;2022.02.26 18:00;4;21,125;-200;-200;0;206;0;
882;2022.02.26 18:15;4;21,125;-200;-200;0;206;0;
883;2022.02.26 18:30;4;21,125;-200;-200;0;206;0;
884;2022.02.26 18:45;4;21,25;-200;-200;0;206;0;
885;2022.02.26 19:00;4;21,25;-200;-200;0;206;0;
886;2022.02.26 19:15;4;21,1875;-200;-200;0;206;0;
887;2022.02.26 19:30;4;21,125;-200;-200;0;206;0;
888;2022.02.26 19:45;4;21,125;-200;-200;0;206;0;
889;2022.02.26 20:00;4;21;-200;-200;0;206;0;
890;2022.02.26 20:15;4;20,9375;-200;-200;0;206;0;
891;2022.02.26 20:30;4;20,875;-200;-200;0;206;0;
892;2022.02.26 20:45;4;20,75;-200;-200;0;206;0;
893;2022.02.26 21:00;4;20,75;-200;-200;0;206;0;
894;2022.02.26 21:15;4;20,625;-200;-200;0;206;0;
895;2022.02.26 21:30;4;20,5625;-200;-200;0;206;0;
896;2022.02.26 21:45;4;20,5;-200;-200;0;206;0;
897;2022.02.26 22:00;4;20,375;-200;-200;0;206;0;
898;2022.02.26 22:15;4;20,375;-200;-200;0;206;0;
899;2022.02.26 22:30;4;20,25;-200;-200;0;206;0;
900;2022.02.26 22:45;4;20,25;-200;-200;0;206;0;
901;2022.02.26 23:00;4;20,1875;-200;-200;0;206;0;
902;2022.02.26 23:15;4;20,375;-200;-200;0;206;0;
903;2022.02.26 23:30;4;20,75;-200;-200;0;206;0;
904;2022.02.26 23:45;4;21;-200;-200;0;206;0;
905;2022.02.27 00:00;4;21,25;-200;-200;0;206;0;
906;2022.02.27 00:15;4;21,375;-200;-200;0;206;0;
907;2022.02.27 00:30;4;21,5;-200;-200;0;206;0;
908;2022.02.27 00:45;4;21,625;-200;-200;0;206;0;
909;2022.02.27 01:00;4;21,6875;-200;-200;0;206;0;
910;2022.02.27 01:15;4;21,75;-200;-200;0;206;0;
911;2022.02.27 01:30;4;21,8125;-200;-200;0;206;0;
912;2022.02.27 01:45;4;21,875;-200;-200;0;206;0;
913;2022.02.27 02:00;4;21,875;-200;-200;0;206;0;
914;2022.02.27 02:15;4;21,9375;-200;-200;0;206;0;
915;2022.02.27 02:30;4;21,9375;-200;-200;0;206;0;
916;2022.02.27 02:45;4;22;-200;-200;0;206;0;
917;2022.02.27 03:00;4;22;-200;-200;0;206;0;
918;2022.02.27 03:15;4;21,875;-200;-200;0;206;0;
919;2022.02.27 03:30;4;21,8125;-200;-200;0;206;0;
920;2022.02.27 03:45;4;21,8125;-200;-200;0;206;0;
921;2022.02.27 04:00;4;21,625;-200;-200;0;206;0;
922;2022.02.27 04:15;4;21,5;-200;-200;0;206;0;
923;2022.02.27 04:30;4;21,375;-200;-200;0;206;0;
924;2022.02.27 04:45;4;21,125;-200;-200;0;206;0;
925;2022.02.27 05:00;4;21;-200;-200;0;206;0;
926;2022.02.27 05:15;4;20,8125;-200;-200;0;206;0;
927;2022.02.27 05:30;4;20,6875;-200;-200;0;206;0;
928;2022.02.27 05:45;4;20,5625;-200;-200;0;206;0;
929;2022.02.27 06:00;4;20,5;-200;-200;0;206;0;
930;2022.02.27 06:15;4;20,375;-200;-200;0;206;0;
931;2022.02.27 06:30;4;20,3125;-200;-200;0;206;0;
932;2022.02.27 06:45;4;20,25;-200;-200;0;206;0;
933;2022.02.27 07:00;4;20,125;-200;-200;0;206;0;
934;2022.02.27 07:15;4;20,0625;-200;-200;0;206;0;
935;2022.02.27 07:30;4;20;-200;-200;0;206;0;
936;2022.02.27 07:45;4;20;-200;-200;0;206;0;
937;2022.02.27 08:00;4;19,9375;-200;-200;0;206;0;
938;2022.02.27 08:15;4;19,875;-200;-200;0;206;0;
939;2022.02.27 08:30;4;19,875;-200;-200;0;206;0;
940;2022.02.27 08:45;4;19,875;-200;-200;0;206;0;
941;2022.02.27 09:00;4;19,875;-200;-200;0;206;0;
942;2022.02.27 09:15;4;19,875;-200;-200;0;206;0;
943;2022.02.27 09:30;4;19,75;-200;-200;0;206;0;
944;2022.02.27 09:45;4;19,8125;-200;-200;0;206;0;
945;2022.02.27 10:00;4;19,8125;-200;-200;0;206;0;
946;2022.02.27 10:15;4;19,75;-200;-200;0;206;0;
947;2022.02.27 10:30;4;19,75;-200;-200;0;206;0;
948;2022.02.27 10:45;4;19,75;-200;-200;0;206;0;
949;2022.02.27 11:00;4;19,75;-200;-200;0;206;0;
950;2022.02.27 11:15;4;19,75;-200;-200;0;206;0;
951;2022.02.27 11:30;4;19,75;-200;-200;0;206;0;
952;2022.02.27 11:45;4;19,75;-200;-200;0;206;0;
953;2022.02.27 12:00;4;19,75;-200;-200;0;206;0;
954;2022.02.27 12:15;4;19,75;-200;-200;0;206;0;
955;2022.02.27 12:30;4;19,75;-200;-200;0;206;0;
956;2022.02.27 12:45;4;19,75;-200;-200;0;206;0;
957;2022.02.27 13:00;4;19,75;-200;-200;0;206;0;
958;2022.02.27 13:15;4;19,75;-200;-200;0;206;0;
959;2022.02.27 13:30;4;20;-200;-200;0;206;0;
960;2022.02.27 13:45;4;20,125;-200;-200;0;206;0;
961;2022.02.27 14:00;4;20,3125;-200;-200;0;206;0;
962;2022.02.27 14:15;4;20,5;-200;-200;0;206;0;
963;2022.02.27 14:30;4;20,625;-200;-200;0;206;0;
964;2022.02.27 14:45;4;20,75;-200;-200;0;206;0;
965;2022.02.27 15:00;4;20,875;-200;-200;0;206;0;
966;2022.02.27 15:15;4;21;-200;-200;0;206;0;
967;2022.02.27 15:30;4;21,125;-200;-200;0;206;0;
968;2022.02.27 15:45;4;21,1875;-200;-200;0;206;0;
969;2022.02.27 16:00;4;21,375;-200;-200;0;206;0;
970;2022.02.27 16:15;4;21,375;-200;-200;0;206;0;
971;2022.02.27 16:30;4;21,4375;-200;-200;0;206;0;
972;2022.02.27 16:45;4;21,4375;-200;-200;0;206;0;
973;2022.02.27 17:00;4;21,375;-200;-200;0;206;0;
974;2022.02.27 17:15;4;21,375;-200;-200;0;206;0;
975;2022.02.27 17:30;4;21,25;-200;-200;0;206;0;
976;2022.02.27 17:45;4;21,25;-200;-200;0;206;0;
977;2022.02.27 18:00;4;21,25;-200;-200;0;206;0;
978;2022.02.27 18:15;4;21,1875;-200;-200;0;206;0;
979;2022.02.27 18:30;4;21,25;-200;-200;0;206;0;
980;2022.02.27 18:45;4;21,25;-200;-200;0;206;0;
981;2022.02.27 19:00;4;21,375;-200;-200;0;206;0;
982;2022.02.27 19:15;4;21,4375;-200;-200;0;206;0;
983;2022.02.27 19:30;4;21,5;-200;-200;0;206;0;
984;2022.02.27 19:45;4;21,625;-200;-200;0;206;0;
985;2022.02.27 20:00;4;21,6875;-200;-200;0;206;0;
986;2022.02.27 20:15;4;21,75;-200;-200;0;206;0;
987;2022.02.27 20:30;4;21,8125;-200;-200;0;206;0;
988;2022.02.27 20:45;4;21,875;-200;-200;0;206;0;
989;2022.02.27 21:00;4;21,9375;-200;-200;0;206;0;
990;2022.02.27 21:15;4;22;-200;-200;0;206;0;
991;2022.02.27 21:30;4;22;-200;-200;0;206;0;
992;2022.02.27 21:45;4;22;-200;-200;0;206;0;
993;2022.02.27 22:00;4;21,9375;-200;-200;0;206;0;
994;2022.02.27 22:15;4;21,875;-200;-200;0;206;0;
995;2022.02.27 22:30;4;21,875;-200;-200;0;206;0;
996;2022.02.27 22:45;4;21,875;-200;-200;0;206;0;
997;2022.02.27 23:00;4;21,875;-200;-200;0;206;0;
998;2022.02.27 23:15;4;22;-200;-200;0;206;0;
999;2022.02.27 23:30;4;22,125;-200;-200;0;206;0;
1000;2022.02.27 23:45;4;22,25;-200;-200;0;206;0;
1001;2022.02.28 00:00;4;22,375;-200;-200;0;206;0;
1002;2022.02.28 00:15;4;22,4375;-200;-200;0;206;0;
1003;2022.02.28 00:30;4;22,5;-200;-200;0;206;0;
1004;2022.02.28 00:45;4;22,5;-200;-200;0;206;0;
1005;2022.02.28 01:00;4;22,5;-200;-200;0;206;0;
1006;2022.02.28 01:15;4;22,5;-200;-200;0;206;0;
1007;2022.02.28 01:30;4;22,5;-200;-200;0;206;0;
1008;2022.02.28 01:45;4;22,4375;-200;-200;0;206;0;
1009;2022.02.28 02:00;4;22,375;-200;-200;0;206;0;
1010;2022.02.28 02:15;4;22,375;-200;-200;0;206;0;
1011;2022.02.28 02:30;4;22,375;-200;-200;0;206;0;
1012;2022.02.28 02:45;4;22,375;-200;-200;0;206;0;
1013;2022.02.28 03:00;4;22,25;-200;-200;0;206;0;
1014;2022.02.28 03:15;4;22,25;-200;-200;0;206;0;
1015;2022.02.28 03:30;4;22,25;-200;-200;0;206;0;
1016;2022.02.28 03:45;4;22,125;-200;-200;0;206;0;
1017;2022.02.28 04:00;4;22;-200;-200;0;206;0;
1018;2022.02.28 04:15;4;21,8125;-200;-200;0;206;0;
1019;2022.02.28 04:30;4;21,625;-200;-200;0;206;0;
1020;2022.02.28 04:45;4;21,5;-200;-200;0;206;0;
1021;2022.02.28 05:00;4;21,25;-200;-200;0;206;0;
1022;2022.02.28 05:15;4;21,125;-200;-200;0;206;0;
1023;2022.02.28 05:30;4;21;-200;-200;0;206;0;
1024;2022.02.28 05:45;4;20,875;-200;-200;0;206;0;
1025;2022.02.28 06:00;4;20,75;-200;-200;0;206;0;
1026;2022.02.28 06:15;4;20,6875;-200;-200;0;206;0;
1027;2022.02.28 06:30;4;20,625;-200;-200;0;206;0;
1028;2022.02.28 06:45;4;20,5;-200;-200;0;206;0;
1029;2022.02.28 07:00;4;20,5;-200;-200;0;206;0;
1030;2022.02.28 07:15;4;20,375;-200;-200;0;206;0;
1031;2022.02.28 07:30;4;20,3125;-200;-200;0;206;0;
1032;2022.02.28 07:45;4;20,25;-200;-200;0;206;0;
1033;2022.02.28 08:00;4;20,25;-200;-200;0;206;0;
1034;2022.02.28 08:15;4;20,1875;-200;-200;0;206;0;
1035;2022.02.28 08:30;4;20,125;-200;-200;0;206;0;
1036;2022.02.28 08:45;4;20,125;-200;-200;0;206;0;
1037;2022.02.28 09:00;4;20,0625;-200;-200;0;206;0;
1038;2022.02.28 09:15;4;20;-200;-200;0;206;0;
1039;2022.02.28 09:30;4;20;-200;-200;0;206;0;
1040;2022.02.28 09:45;4;20;-200;-200;0;206;0;
1041;2022.02.28 10:00;4;20;-200;-200;0;206;0;
1042;2022.02.28 10:15;4;19,9375;-200;-200;0;206;0;
1043;2022.02.28 10:30;4;19,9375;-200;-200;0;206;0;
1044;2022.02.28 10:45;4;20;-200;-200;0;206;0;
1045;2022.02.28 11:00;4;19,9375;-200;-200;0;206;0;
1046;2022.02.28 11:15;4;19,9375;-200;-200;0;206;0;
1047;2022.02.28 11:30;4;19,875;-200;-200;0;206;0;
1048;2022.02.28 11:45;4;19,875;-200;-200;0;206;0;
1049;2022.02.28 12:00;4;20,125;-200;-200;0;206;0;
1050;2022.02.28 12:15;4;20,3125;-200;-200;0;206;0;
1051;2022.02.28 12:30;4;20,4375;-200;-200;0;206;0;
1052;2022.02.28 12:45;4;20,5;-200;-200;0;206;0;
1053;2022.02.28 13:00;4;20,625;-200;-200;0;206;0;
1054;2022.02.28 13:15;4;20,75;-200;-200;0;206;0;
1055;2022.02.28 13:30;4;20,875;-200;-200;0;206;0;
1056;2022.02.28 13:45;4;21,0625;-200;-200;0;206;0;
1057;2022.02.28 14:00;4;21,1875;-200;-200;0;206;0;
1058;2022.02.28 14:15;4;21,3125;-200;-200;0;206;0;
1059;2022.02.28 14:30;4;21,375;-200;-200;0;206;0;
1060;2022.02.28 14:45;4;21,375;-200;-200;0;206;0;
1061;2022.02.28 15:00;4;21,375;-200;-200;0;206;0;
1062;2022.02.28 15:15;4;21,3125;-200;-200;0;206;0;
1063;2022.02.28 15:30;4;21,25;-200;-200;0;206;0;
1064;2022.02.28 15:45;4;21,25;-200;-200;0;206;0;
1065;2022.02.28 16:00;4;21,25;-200;-200;0;206;0;
1066;2022.02.28 16:15;4;21,25;-200;-200;0;206;0;
1067;2022.02.28 16:30;4;21,25;-200;-200;0;206;0;
1068;2022.02.28 16:45;4;21,25;-200;-200;0;206;0;
1069;2022.02.28 17:00;4;21,25;-200;-200;0;206;0;
1070;2022.02.28 17:15;4;21,1875;-200;-200;0;206;0;
1071;2022.02.28 17:30;4;21,125;-200;-200;0;206;0;
1072;2022.02.28 17:45;4;21,125;-200;-200;0;206;0;
1073;2022.02.28 18:00;4;21,125;-200;-200;0;206;0;
1074;2022.02.28 18:15;4;21,25;-200;-200;0;206;0;
1075;2022.02.28 18:30;4;21,3125;-200;-200;0;206;0;
1076;2022.02.28 18:45;4;21,375;-200;-200;0;206;0;
1077;2022.02.28 19:00;4;21,4375;-200;-200;0;206;0;
1078;2022.02.28 19:15;4;21,5;-200;-200;0;206;0;
1079;2022.02.28 19:30;4;21,5;-200;-200;0;206;0;
1080;2022.02.28 19:45;4;21,5;-200;-200;0;206;0;
1081;2022.02.28 20:00;4;21,5;-200;-200;0;206;0;
1082;2022.02.28 20:15;4;21,5625;-200;-200;0;206;0;
1083;2022.02.28 20:30;4;21,625;-200;-200;0;206;0;
1084;2022.02.28 20:45;4;21,625;-200;-200;0;206;0;
1085;2022.02.28 21:00;4;21,6875;-200;-200;0;206;0;
1086;2022.02.28 21:15;4;21,625;-200;-200;0;206;0;
1087;2022.02.28 21:30;4;21,625;-200;-200;0;206;0;
1088;2022.02.28 21:45;4;21,625;-200;-200;0;206;0;
1089;2022.02.28 22:00;4;21,5;-200;-200;0;206;0;
1090;2022.02.28 22:15;4;21,5625;-200;-200;0;206;0;
1091;2022.02.28 22:30;4;21,5;-200;-200;0;206;0;
1092;2022.02.28 22:45;4;21,5;-200;-200;0;206;0;
1093;2022.02.28 23:00;4;21,5;-200;-200;0;206;0;
1094;2022.02.28 23:15;4;21,5625;-200;-200;0;206;0;
1095;2022.02.28 23:30;4;21,625;-200;-200;0;206;0;
1096;2022.02.28 23:45;4;21,625;-200;-200;0;206;0;
1097;2022.03.01 00:00;4;21,75;-200;-200;0;206;0;
1098;2022.03.01 00:15;4;21,875;-200;-200;0;206;0;
1099;2022.03.01 00:30;4;21,875;-200;-200;0;206;0;
1100;2022.03.01 00:45;4;21,875;-200;-200;0;206;0;
1101;2022.03.01 01:00;4;21,875;-200;-200;0;206;0;
1102;2022.03.01 01:15;4;21,8125;-200;-200;0;206;0;
1103;2022.03.01 01:30;4;21,75;-200;-200;0;206;0;
1104;2022.03.01 01:45;4;21,875;-200;-200;0;206;0;
1105;2022.03.01 02:00;4;21,875;-200;-200;0;206;0;
1106;2022.03.01 02:15;4;21,875;-200;-200;0;206;0;
1107;2022.03.01 02:30;4;21,875;-200;-200;0;206;0;
1108;2022.03.01 02:45;4;21,875;-200;-200;0;206;0;
1109;2022.03.01 03:00;4;21,875;-200;-200;0;206;0;
1110;2022.03.01 03:15;4;21,875;-200;-200;0;206;0;
1111;2022.03.01 03:30;4;21,9375;-200;-200;0;206;0;
1112;2022.03.01 03:45;4;21,8125;-200;-200;0;206;0;
1113;2022.03.01 04:00;4;21,6875;-200;-200;0;206;0;
1114;2022.03.01 04:15;4;21,5;-200;-200;0;206;0;
1115;2022.03.01 04:30;4;21,375;-200;-200;0;206;0;
1116;2022.03.01 04:45;4;21,25;-200;-200;0;206;0;
1117;2022.03.01 05:00;4;21;-200;-200;0;206;0;
1118;2022.03.01 05:15;4;20,8125;-200;-200;0;206;0;
1119;2022.03.01 05:30;4;20,625;-200;-200;0;206;0;
1120;2022.03.01 05:45;4;20,5;-200;-200;0;206;0;
1121;2022.03.01 06:00;4;20,375;-200;-200;0;206;0;
1122;2022.03.01 06:15;4;20,25;-200;-200;0;206;0;
1123;2022.03.01 06:30;4;20,125;-200;-200;0;206;0;
1124;2022.03.01 06:45;4;20,0625;-200;-200;0;206;0;
1125;2022.03.01 07:00;4;20;-200;-200;0;206;0;
1126;2022.03.01 07:15;4;19,9375;-200;-200;0;206;0;
1127;2022.03.01 07:30;4;19,875;-200;-200;0;206;0;
1128;2022.03.01 07:45;4;19,875;-200;-200;0;206;0;
1129;2022.03.01 08:00;4;19,875;-200;-200;0;206;0;
1130;2022.03.01 08:15;4;19,8125;-200;-200;0;206;0;
1131;2022.03.01 08:30;4;19,8125;-200;-200;0;206;0;
1132;2022.03.01 08:45;4;19,75;-200;-200;0;206;0;
1133;2022.03.01 09:00;4;19,75;-200;-200;0;206;0;
1134;2022.03.01 09:15;4;19,75;-200;-200;0;206;0;
1135;2022.03.01 09:30;4;19,75;-200;-200;0;206;0;
1136;2022.03.01 09:45;4;19,75;-200;-200;0;206;0;
1137;2022.03.01 10:00;4;19,75;-200;-200;0;206;0;
1138;2022.03.01 10:15;4;19,75;-200;-200;0;206;0;
1139;2022.03.01 10:30;4;19,6875;-200;-200;0;206;0;
1140;2022.03.01 10:45;4;19,75;-200;-200;0;206;0;
1141;2022.03.01 11:00;4;19,6875;-200;-200;0;206;0;
1142;2022.03.01 11:15;4;19,625;-200;-200;0;206;0;
1143;2022.03.01 11:30;4;19,6875;-200;-200;0;206;0;
1144;2022.03.01 11:45;4;19,625;-200;-200;0;206;0;
1145;2022.03.01 12:00;4;19,625;-200;-200;0;206;0;
1146;2022.03.01 12:15;4;19,625;-200;-200;0;206;0;
1147;2022.03.01 12:30;4;19,6875;-200;-200;0;206;0;
1148;2022.03.01 12:45;4;19,75;-200;-200;0;206;0;
1149;2022.03.01 13:00;4;19,75;-200;-200;0;206;0;
1150;2022.03.01 13:15;4;19,8125;-200;-200;0;206;0;
1151;2022.03.01 13:30;4;19,875;-200;-200;0;206;0;
1152;2022.03.01 13:45;4;19,875;-200;-200;0;206;0;
1153;2022.03.01 14:00;4;19,9375;-200;-200;0;206;0;
1154;2022.03.01 14:15;4;20;-200;-200;0;206;0;
1155;2022.03.01 14:30;4;20,0625;-200;-200;0;206;0;
1156;2022.03.01 14:45;4;20,125;-200;-200;0;206;0;
1157;2022.03.01 15:00;4;20,25;-200;-200;0;206;0;
1158;2022.03.01 15:15;4;20,25;-200;-200;0;206;0;
1159;2022.03.01 15:30;4;20,3125;-200;-200;0;206;0;
1160;2022.03.01 15:45;4;20,3125;-200;-200;0;206;0;
1161;2022.03.01 16:00;4;20,3125;-200;-200;0;206;0;
1162;2022.03.01 16:15;4;20,3125;-200;-200;0;206;0;
1163;2022.03.01 16:30;4;20,375;-200;-200;0;206;0;
1164;2022.03.01 16:45;4;20,375;-200;-200;0;206;0;
1165;2022.03.01 17:00;4;20,625;-200;-200;0;206;0;
1166;2022.03.01 17:15;4;20,8125;-200;-200;0;206;0;
1167;2022.03.01 17:30;4;21,0625;-200;-200;0;206;0;
1168;2022.03.01 17:45;4;21,3125;-200;-200;0;206;0;
1169;2022.03.01 18:00;4;21,5;-200;-200;0;206;0;
1170;2022.03.01 18:15;4;21,625;-200;-200;0;206;0;
1171;2022.03.01 18:30;4;21,6875;-200;-200;0;206;0;
1172;2022.03.01 18:45;4;21,75;-200;-200;0;206;0;
1173;2022.03.01 19:00;4;21,75;-200;-200;0;206;0;
1174;2022.03.01 19:15;4;21,75;-200;-200;0;206;0;
1175;2022.03.01 19:30;4;21,75;-200;-200;0;206;0;
1176;2022.03.01 19:45;4;21,75;-200;-200;0;206;0;
1177;2022.03.01 20:00;4;21,75;-200;-200;0;206;0;
1178;2022.03.01 20:15;4;21,75;-200;-200;0;206;0;
1179;2022.03.01 20:30;4;21,75;-200;-200;0;206;0;
1180;2022.03.01 20:45;4;21,875;-200;-200;0;206;0;
1181;2022.03.01 21:00;4;21,875;-200;-200;0;206;0;
1182;2022.03.01 21:15;4;21,875;-200;-200;0;206;0;
1183;2022.03.01 21:30;4;21,75;-200;-200;0;206;0;
1184;2022.03.01 21:45;4;21,75;-200;-200;0;206;0;
1185;2022.03.01 22:00;4;21,75;-200;-200;0;206;0;
1186;2022.03.01 22:15;4;21,8125;-200;-200;0;206;0;
1187;2022.03.01 22:30;4;21,6875;-200;-200;0;206;0;
1188;2022.03.01 22:45;4;21,625;-200;-200;0;206;0;
1189;2022.03.01 23:00;4;21,5625;-200;-200;0;206;0;
1190;2022.03.01 23:15;4;21,5625;-200;-200;0;206;0;
1191;2022.03.01 23:30;4;21,5625;-200;-200;0;206;0;
1192;2022.03.01 23:45;4;21,5;-200;-200;0;206;0;
1193;2022.03.02 00:00;4;21,5625;-200;-200;0;206;0;
1194;2022.03.02 00:15;4;21,625;-200;-200;0;206;0;
1195;2022.03.02 00:30;4;21,625;-200;-200;0;206;0;
1196;2022.03.02 00:45;4;21,625;-200;-200;0;206;0;
1197;2022.03.02 01:00;4;21,625;-200;-200;0;206;0;
1198;2022.03.02 01:15;4;21,625;-200;-200;0;206;0;
1199;2022.03.02 01:30;4;21,625;-200;-200;0;206;0;
1200;2022.03.02 01:45;4;21,5;-200;-200;0;206;0;
1201;2022.03.02 02:00;4;21,4375;-200;-200;0;206;0;
1202;2022.03.02 02:15;4;21,375;-200;-200;0;206;0;
1203;2022.03.02 02:30;4;21,3125;-200;-200;0;206;0;
1204;2022.03.02 02:45;4;21,25;-200;-200;0;206;0;
1205;2022.03.02 03:00;4;21,1875;-200;-200;0;206;0;
1206;2022.03.02 03:15;4;21,125;-200;-200;0;206;0;
1207;2022.03.02 03:30;4;21,0625;-200;-200;0;206;0;
1208;2022.03.02 03:45;4;21;-200;-200;0;206;0;
1209;2022.03.02 04:00;4;21;-200;-200;0;206;0;
1210;2022.03.02 04:15;4;20,9375;-200;-200;0;206;0;
1211;2022.03.02 04:30;4;20,875;-200;-200;0;206;0;
1212;2022.03.02 04:45;4;20,75;-200;-200;0;206;0;
1213;2022.03.02 05:00;4;20,75;-200;-200;0;206;0;
1214;2022.03.02 05:15;4;20,625;-200;-200;0;206;0;
1215;2022.03.02 05:30;4;20,625;-200;-200;0;206;0;
1216;2022.03.02 05:45;4;20,5;-200;-200;0;206;0;
1217;2022.03.02 06:00;4;20,4375;-200;-200;0;206;0;
1218;2022.03.02 06:15;4;20,375;-200;-200;0;206;0;
1219;2022.03.02 06:30;4;20,25;-200;-200;0;206;0;
1220;2022.03.02 06:45;4;20,1875;-200;-200;0;206;0;
1221;2022.03.02 07:00;4;20,125;-200;-200;0;206;0;
1222;2022.03.02 07:15;4;20;-200;-200;0;206;0;
1223;2022.03.02 07:30;4;19,9375;-200;-200;0;206;0;
1224;2022.03.02 07:45;4;19,875;-200;-200;0;206;0;
1225;2022.03.02 08:00;4;19,8125;-200;-200;0;206;0;
1226;2022.03.02 08:15;4;19,75;-200;-200;0;206;0;
1227;2022.03.02 08:30;4;19,6875;-200;-200;0;206;0;
1228;2022.03.02 08:45;4;19,625;-200;-200;0;206;0;
1229;2022.03.02 09:00;4;19,625;-200;-200;0;206;0;
1230;2022.03.02 09:15;4;19,5625;-200;-200;0;206;0;
1231;2022.03.02 09:30;4;19,5;-200;-200;0;206;0;
1232;2022.03.02 09:45;4;19,5;-200;-200;0;206;0;
1233;2022.03.02 10:00;4;19,5;-200;-200;0;206;0;
1234;2022.03.02 10:15;4;19,4375;-200;-200;0;206;0;
1235;2022.03.02 10:30;4;19,375;-200;-200;0;206;0;
1236;2022.03.02 10:45;4;19,375;-200;-200;0;206;0;
1237;2022.03.02 11:00;4;19,375;-200;-200;0;206;0;
1238;2022.03.02 11:15;4;19,625;-200;-200;0;206;0;
1239;2022.03.02 11:30;4;19,875;-200;-200;0;206;0;
1240;2022.03.02 11:45;4;19,9375;-200;-200;0;206;0;
1241;2022.03.02 12:00;4;20;-200;-200;0;206;0;
1242;2022.03.02 12:15;4;20;-200;-200;0;206;0;
1243;2022.03.02 12:30;4;20,125;-200;-200;0;206;0;
1244;2022.03.02 12:45;4;20,625;-200;-200;0;206;0;
1245;2022.03.02 13:00;4;19;-200;-200;0;206;0;
1246;2022.03.02 13:15;4;17,25;-200;-200;0;206;0;
1247;2022.03.02 13:30;4;16;-200;-200;0;206;0;
1248;2022.03.02 13:45;4;15;-200;-200;0;206;0;
1249;2022.03.02 14:00;4;14,25;-200;-200;0;206;0;
1250;2022.03.02 14:15;4;13,875;-200;-200;0;206;0;
1251;2022.03.02 14:30;4;13,875;-200;-200;0;206;0;
1252;2022.03.02 14:45;4;13,875;-200;-200;0;206;0;
1253;2022.03.02 15:00;4;14,125;-200;-200;0;206;0;
1254;2022.03.02 15:15;4;15,875;-200;-200;0;206;0;
1255;2022.03.02 15:30;4;16,75;-200;-200;0;206;0;
1256;2022.03.02 15:45;4;17,25;-200;-200;0;206;0;
1257;2022.03.02 16:00;4;19,625;-200;-200;0;206;0;
1258;2022.03.02 16:15;4;18,625;-200;-200;0;206;0;
1259;2022.03.02 16:30;4;16;-200;-200;0;206;0;
1260;2022.03.02 16:44;4;15,375;-200;-200;0;206;0;
1261;2022.03.02 16:45;4;15,875;-200;-200;2027;206;0;
1262;2022.03.02 16:46;4;16;-200;-200;2010;206;0;
1263;2022.03.02 16:47;4;16;-200;-200;3127;206;0;
1264;2022.03.02 16:48;4;15,625;-200;-200;3051;206;0;
1265;2022.03.02 16:49;4;15,625;-200;-200;3095;206;0;
1266;2022.03.02 16:50;4;15,5;-200;-200;3300;206;0;
1267;2022.03.02 16:51;4;15,375;-200;-200;3236;206;0;
1268;2022.03.02 16:52;4;15,0625;-200;-200;1469;206;0;
1269;2022.03.02 16:53;4;15,4375;-200;-200;1507;206;0;
1270;2022.03.02 16:54;4;15,0625;-200;-200;1507;206;0;
1271;2022.03.02 16:55;4;15,25;-200;-200;1543;206;0;
1272;2022.03.02 16:56;4;15,625;-200;-200;486;206;0;
1273;2022.03.02 16:57;4;15,25;-200;-200;397;206;0;
1274;2022.03.02 16:58;4;15;-200;-200;397;206;0;
1275;2022.03.02 16:59;4;14,8125;-200;-200;397;206;0;
1276;2022.03.02 17:00;4;14,75;-200;-200;397;206;0;
1277;2022.03.02 17:01;4;15,875;-200;-200;437;206;0;
1278;2022.03.02 17:02;4;16,4375;-200;-200;434;206;0;
1279;2022.03.02 17:03;4;16,5;-200;-200;440;206;0;
1280;2022.03.02 17:04;4;16,625;-200;-200;403;206;0;
1281;2022.03.02 17:05;4;16,5625;-200;-200;433;206;0;
1282;2022.03.02 17:06;4;16;-200;-200;433;206;0;
1283;2022.03.02 17:07;4;15,75;-200;-200;431;206;0;
1284;2022.03.02 17:08;4;15,25;-200;-200;431;206;0;
1285;2022.03.02 17:09;4;15;-200;-200;431;206;0;
1286;2022.03.02 17:10;4;14,75;-200;-200;431;206;0;
1287;2022.03.02 17:11;4;14,625;-200;-200;431;206;0;
1288;2022.03.02 17:12;4;14,625;-200;-200;431;206;0;
1289;2022.03.02 17:13;4;14,6875;-200;-200;431;206;0;
1290;2022.03.02 17:14;4;14,75;-200;-200;431;206;0;
1291;2022.03.02 17:15;4;14,6875;-200;-200;431;206;0;
1292;2022.03.02 17:16;4;14,75;-200;-200;431;206;0;
1293;2022.03.02 17:17;4;14,75;-200;-200;431;206;0;
1294;2022.03.02 17:18;4;14,625;-200;-200;431;206;0;
1295;2022.03.02 17:19;4;14,5;-200;-200;431;206;0;
1296;2022.03.02 17:20;4;14,5;-200;-200;431;206;0;
1297;2022.03.02 17:21;4;14,375;-200;-200;431;206;0;
1298;2022.03.02 17:22;4;14,375;-200;-200;431;206;0;
1299;2022.03.02 17:23;4;14,5;-200;-200;431;206;0;
1300;2022.03.02 17:24;4;14,625;-200;-200;431;206;0;
1301;2022.03.02 17:25;4;14,625;-200;-200;431;206;0;
1302;2022.03.02 17:26;4;14,6875;-200;-200;431;206;0;
1303;2022.03.02 17:27;4;14,8125;-200;-200;430;206;0;
1304;2022.03.02 17:28;4;15;-200;-200;430;206;0;
1305;2022.03.02 17:29;4;15,125;-200;-200;430;206;0;
1306;2022.03.02 17:30;4;15,25;-200;-200;430;206;0;
1307;2022.03.02 17:31;4;15,375;-200;-200;430;206;0;
1308;2022.03.02 17:32;4;15,3125;-200;-200;430;206;0;
1309;2022.03.02 17:33;4;15,25;-200;-200;430;206;0;
1310;2022.03.02 17:34;4;15,3125;-200;-200;430;206;0;
1311;2022.03.02 17:35;4;15,375;-200;-200;430;206;0;
1312;2022.03.02 17:36;4;15,375;-200;-200;430;206;0;
1313;2022.03.02 17:37;4;15,25;-200;-200;430;206;0;
1314;2022.03.02 17:38;4;15,125;-200;-200;430;206;0;
1315;2022.03.02 17:39;4;15,125;-200;-200;429;206;0;
1316;2022.03.02 17:40;4;15,0625;-200;-200;429;206;0;
1317;2022.03.02 17:41;4;16,625;-200;-200;436;206;0;
1318;2022.03.02 17:45;4;15,6875;-200;-200;426;206;0;
